[2026-05-31 14:03:31] local.ERROR: SQLSTATE[HY000]: General error: 1364 Field 'course_id' doesn't have a default value (Connection: mysql, Host: 127.0.0.1, Port: 3306, Database: stem-edu, SQL: insert into `lesson_user` (`completed_at`, `created_at`, `lesson_id`, `updated_at`, `user_id`) values (2026-05-31 14:03:31, 2026-05-31 14:03:31, 1, 2026-05-31 14:03:31, 2)) {"exception":"[object] (Illuminate\\Database\\QueryException(code: HY000): SQLSTATE[HY000]: General error: 1364 Field 'course_id' doesn't have a default value (Connection: mysql, Host: 127.0.0.1, Port: 3306, Database: stem-edu, SQL: insert into `lesson_user` (`completed_at`, `created_at`, `lesson_id`, `updated_at`, `user_id`) values (2026-05-31 14:03:31, 2026-05-31 14:03:31, 1, 2026-05-31 14:03:31, 2)) at C:/xampp/htdocs/laravel-projects/stem-lms/vendor/laravel/framework/src/Illuminate/Database/Connection.php:838)
[stacktrace]
#0 C:/xampp/htdocs/laravel-projects/stem-lms/vendor/laravel/framework/src/Illuminate/Database/Connection.php(794): Illuminate/Database/Connection->runQueryCallback()
#1 C:/xampp/htdocs/laravel-projects/stem-lms/vendor/laravel/framework/src/Illuminate/Database/MySqlConnection.php(42): Illuminate/Database/Connection->run()
#2 C:/xampp/htdocs/laravel-projects/stem-lms/vendor/laravel/framework/src/Illuminate/Database/Query/Builder.php(4121): Illuminate/Database/MySqlConnection->insert()
#3 C:/xampp/htdocs/laravel-projects/stem-lms/vendor/laravel/framework/src/Illuminate/Database/Eloquent/Relations/Concerns/InteractsWithPivotTable.php(345): Illuminate/Database/Query/Builder->insert()
#4 C:/xampp/htdocs/laravel-projects/stem-lms/vendor/laravel/framework/src/Illuminate/Database/Eloquent/Relations/Concerns/InteractsWithPivotTable.php(243): Illuminate/Database/Eloquent/Relations/BelongsToMany->attach()
#5 C:/xampp/htdocs/laravel-projects/stem-lms/vendor/laravel/framework/src/Illuminate/Database/Eloquent/Relations/Concerns/InteractsWithPivotTable.php(133): Illuminate/Database/Eloquent/Relations/BelongsToMany->attachNew()
#6 C:/xampp/htdocs/laravel-projects/stem-lms/vendor/laravel/framework/src/Illuminate/Database/Eloquent/Relations/Concerns/InteractsWithPivotTable.php(88): Illuminate/Database/Eloquent/Relations/BelongsToMany->sync()
#7 C:/xampp/htdocs/laravel-projects/stem-lms/database/seeders/DatabaseSeeder.php(360): Illuminate/Database/Eloquent/Relations/BelongsToMany->syncWithoutDetaching()
#8 C:/xampp/htdocs/laravel-projects/stem-lms/database/seeders/DatabaseSeeder.php(26): Database/Seeders/DatabaseSeeder->courses()
#9 C:/xampp/htdocs/laravel-projects/stem-lms/vendor/laravel/framework/src/Illuminate/Container/BoundMethod.php(36): Database/Seeders/DatabaseSeeder->run()
#10 C:/xampp/htdocs/laravel-projects/stem-lms/vendor/laravel/framework/src/Illuminate/Container/Util.php(43): Illuminate/Container/BoundMethod::Illuminate/Container/{closure}()
#11 C:/xampp/htdocs/laravel-projects/stem-lms/vendor/laravel/framework/src/Illuminate/Container/BoundMethod.php(96): Illuminate/Container/Util::unwrapIfClosure()
#12 C:/xampp/htdocs/laravel-projects/stem-lms/vendor/laravel/framework/src/Illuminate/Container/BoundMethod.php(35): Illuminate/Container/BoundMethod::callBoundMethod()
#13 C:/xampp/htdocs/laravel-projects/stem-lms/vendor/laravel/framework/src/Illuminate/Container/Container.php(799): Illuminate/Container/BoundMethod::call()
#14 C:/xampp/htdocs/laravel-projects/stem-lms/vendor/laravel/framework/src/Illuminate/Database/Seeder.php(184): Illuminate/Container/Container->call()
#15 C:/xampp/htdocs/laravel-projects/stem-lms/vendor/laravel/framework/src/Illuminate/Database/Seeder.php(193): Illuminate/Database/Seeder->Illuminate/Database/{closure}()
#16 C:/xampp/htdocs/laravel-projects/stem-lms/vendor/laravel/framework/src/Illuminate/Database/Console/Seeds/SeedCommand.php(71): Illuminate/Database/Seeder->__invoke()
#17 C:/xampp/htdocs/laravel-projects/stem-lms/vendor/laravel/framework/src/Illuminate/Database/Eloquent/Concerns/GuardsAttributes.php(157): Illuminate/Database/Console/Seeds/SeedCommand->Illuminate/Database/Console/Seeds/{closure}()
#18 C:/xampp/htdocs/laravel-projects/stem-lms/vendor/laravel/framework/src/Illuminate/Database/Console/Seeds/SeedCommand.php(70): Illuminate/Database/Eloquent/Model::unguarded()
#19 C:/xampp/htdocs/laravel-projects/stem-lms/vendor/laravel/framework/src/Illuminate/Container/BoundMethod.php(36): Illuminate/Database/Console/Seeds/SeedCommand->handle()
#20 C:/xampp/htdocs/laravel-projects/stem-lms/vendor/laravel/framework/src/Illuminate/Container/Util.php(43): Illuminate/Container/BoundMethod::Illuminate/Container/{closure}()
#21 C:/xampp/htdocs/laravel-projects/stem-lms/vendor/laravel/framework/src/Illuminate/Container/BoundMethod.php(96): Illuminate/Container/Util::unwrapIfClosure()
#22 C:/xampp/htdocs/laravel-projects/stem-lms/vendor/laravel/framework/src/Illuminate/Container/BoundMethod.php(35): Illuminate/Container/BoundMethod::callBoundMethod()
#23 C:/xampp/htdocs/laravel-projects/stem-lms/vendor/laravel/framework/src/Illuminate/Container/Container.php(799): Illuminate/Container/BoundMethod::call()
#24 C:/xampp/htdocs/laravel-projects/stem-lms/vendor/laravel/framework/src/Illuminate/Console/Command.php(211): Illuminate/Container/Container->call()
#25 C:/xampp/htdocs/laravel-projects/stem-lms/vendor/symfony/console/Command/Command.php(341): Illuminate/Console/Command->execute()
#26 C:/xampp/htdocs/laravel-projects/stem-lms/vendor/laravel/framework/src/Illuminate/Console/Command.php(180): Symfony/Component/Console/Command/Command->run()
#27 C:/xampp/htdocs/laravel-projects/stem-lms/vendor/laravel/framework/src/Illuminate/Console/Concerns/CallsCommands.php(68): Illuminate/Console/Command->run()
#28 C:/xampp/htdocs/laravel-projects/stem-lms/vendor/laravel/framework/src/Illuminate/Console/Concerns/CallsCommands.php(29): Illuminate/Console/Command->runCommand()
#29 C:/xampp/htdocs/laravel-projects/stem-lms/vendor/laravel/framework/src/Illuminate/Database/Console/Migrations/MigrateCommand.php(125): Illuminate/Console/Command->call()
#30 C:/xampp/htdocs/laravel-projects/stem-lms/vendor/laravel/framework/src/Illuminate/Database/Migrations/Migrator.php(671): Illuminate/Database/Console/Migrations/MigrateCommand->Illuminate/Database/Console/Migrations/{closure}()
#31 C:/xampp/htdocs/laravel-projects/stem-lms/vendor/laravel/framework/src/Illuminate/Database/Console/Migrations/MigrateCommand.php(109): Illuminate/Database/Migrations/Migrator->usingConnection()
#32 C:/xampp/htdocs/laravel-projects/stem-lms/vendor/laravel/framework/src/Illuminate/Database/Console/Migrations/MigrateCommand.php(88): Illuminate/Database/Console/Migrations/MigrateCommand->runMigrations()
#33 C:/xampp/htdocs/laravel-projects/stem-lms/vendor/laravel/framework/src/Illuminate/Container/BoundMethod.php(36): Illuminate/Database/Console/Migrations/MigrateCommand->handle()
#34 C:/xampp/htdocs/laravel-projects/stem-lms/vendor/laravel/framework/src/Illuminate/Container/Util.php(43): Illuminate/Container/BoundMethod::Illuminate/Container/{closure}()
#35 C:/xampp/htdocs/laravel-projects/stem-lms/vendor/laravel/framework/src/Illuminate/Container/BoundMethod.php(96): Illuminate/Container/Util::unwrapIfClosure()
#36 C:/xampp/htdocs/laravel-projects/stem-lms/vendor/laravel/framework/src/Illuminate/Container/BoundMethod.php(35): Illuminate/Container/BoundMethod::callBoundMethod()
#37 C:/xampp/htdocs/laravel-projects/stem-lms/vendor/laravel/framework/src/Illuminate/Container/Container.php(799): Illuminate/Container/BoundMethod::call()
#38 C:/xampp/htdocs/laravel-projects/stem-lms/vendor/laravel/framework/src/Illuminate/Console/Command.php(211): Illuminate/Container/Container->call()
#39 C:/xampp/htdocs/laravel-projects/stem-lms/vendor/symfony/console/Command/Command.php(341): Illuminate/Console/Command->execute()
#40 C:/xampp/htdocs/laravel-projects/stem-lms/vendor/laravel/framework/src/Illuminate/Console/Command.php(180): Symfony/Component/Console/Command/Command->run()
#41 C:/xampp/htdocs/laravel-projects/stem-lms/vendor/symfony/console/Application.php(1117): Illuminate/Console/Command->run()
#42 C:/xampp/htdocs/laravel-projects/stem-lms/vendor/symfony/console/Application.php(356): Symfony/Component/Console/Application->doRunCommand()
#43 C:/xampp/htdocs/laravel-projects/stem-lms/vendor/symfony/console/Application.php(195): Symfony/Component/Console/Application->doRun()
#44 C:/xampp/htdocs/laravel-projects/stem-lms/vendor/laravel/framework/src/Illuminate/Foundation/Console/Kernel.php(198): Symfony/Component/Console/Application->run()
#45 C:/xampp/htdocs/laravel-projects/stem-lms/vendor/laravel/framework/src/Illuminate/Foundation/Application.php(1235): Illuminate/Foundation/Console/Kernel->handle()
#46 C:/xampp/htdocs/laravel-projects/stem-lms/artisan(14): Illuminate/Foundation/Application->handleCommand()
#47 {main}

[previous exception] [object] (PDOException(code: HY000): SQLSTATE[HY000]: General error: 1364 Field 'course_id' doesn't have a default value at C:/xampp/htdocs/laravel-projects/stem-lms/vendor/laravel/framework/src/Illuminate/Database/MySqlConnection.php:53)
[stacktrace]
#0 C:/xampp/htdocs/laravel-projects/stem-lms/vendor/laravel/framework/src/Illuminate/Database/MySqlConnection.php(53): PDOStatement->execute()
#1 C:/xampp/htdocs/laravel-projects/stem-lms/vendor/laravel/framework/src/Illuminate/Database/Connection.php(827): Illuminate/Database/MySqlConnection->Illuminate/Database/{closure}()
#2 C:/xampp/htdocs/laravel-projects/stem-lms/vendor/laravel/framework/src/Illuminate/Database/Connection.php(794): Illuminate/Database/Connection->runQueryCallback()
#3 C:/xampp/htdocs/laravel-projects/stem-lms/vendor/laravel/framework/src/Illuminate/Database/MySqlConnection.php(42): Illuminate/Database/Connection->run()
#4 C:/xampp/htdocs/laravel-projects/stem-lms/vendor/laravel/framework/src/Illuminate/Database/Query/Builder.php(4121): Illuminate/Database/MySqlConnection->insert()
#5 C:/xampp/htdocs/laravel-projects/stem-lms/vendor/laravel/framework/src/Illuminate/Database/Eloquent/Relations/Concerns/InteractsWithPivotTable.php(345): Illuminate/Database/Query/Builder->insert()
#6 C:/xampp/htdocs/laravel-projects/stem-lms/vendor/laravel/framework/src/Illuminate/Database/Eloquent/Relations/Concerns/InteractsWithPivotTable.php(243): Illuminate/Database/Eloquent/Relations/BelongsToMany->attach()
#7 C:/xampp/htdocs/laravel-projects/stem-lms/vendor/laravel/framework/src/Illuminate/Database/Eloquent/Relations/Concerns/InteractsWithPivotTable.php(133): Illuminate/Database/Eloquent/Relations/BelongsToMany->attachNew()
#8 C:/xampp/htdocs/laravel-projects/stem-lms/vendor/laravel/framework/src/Illuminate/Database/Eloquent/Relations/Concerns/InteractsWithPivotTable.php(88): Illuminate/Database/Eloquent/Relations/BelongsToMany->sync()
#9 C:/xampp/htdocs/laravel-projects/stem-lms/database/seeders/DatabaseSeeder.php(360): Illuminate/Database/Eloquent/Relations/BelongsToMany->syncWithoutDetaching()
#10 C:/xampp/htdocs/laravel-projects/stem-lms/database/seeders/DatabaseSeeder.php(26): Database/Seeders/DatabaseSeeder->courses()
#11 C:/xampp/htdocs/laravel-projects/stem-lms/vendor/laravel/framework/src/Illuminate/Container/BoundMethod.php(36): Database/Seeders/DatabaseSeeder->run()
#12 C:/xampp/htdocs/laravel-projects/stem-lms/vendor/laravel/framework/src/Illuminate/Container/Util.php(43): Illuminate/Container/BoundMethod::Illuminate/Container/{closure}()
#13 C:/xampp/htdocs/laravel-projects/stem-lms/vendor/laravel/framework/src/Illuminate/Container/BoundMethod.php(96): Illuminate/Container/Util::unwrapIfClosure()
#14 C:/xampp/htdocs/laravel-projects/stem-lms/vendor/laravel/framework/src/Illuminate/Container/BoundMethod.php(35): Illuminate/Container/BoundMethod::callBoundMethod()
#15 C:/xampp/htdocs/laravel-projects/stem-lms/vendor/laravel/framework/src/Illuminate/Container/Container.php(799): Illuminate/Container/BoundMethod::call()
#16 C:/xampp/htdocs/laravel-projects/stem-lms/vendor/laravel/framework/src/Illuminate/Database/Seeder.php(184): Illuminate/Container/Container->call()
#17 C:/xampp/htdocs/laravel-projects/stem-lms/vendor/laravel/framework/src/Illuminate/Database/Seeder.php(193): Illuminate/Database/Seeder->Illuminate/Database/{closure}()
#18 C:/xampp/htdocs/laravel-projects/stem-lms/vendor/laravel/framework/src/Illuminate/Database/Console/Seeds/SeedCommand.php(71): Illuminate/Database/Seeder->__invoke()
#19 C:/xampp/htdocs/laravel-projects/stem-lms/vendor/laravel/framework/src/Illuminate/Database/Eloquent/Concerns/GuardsAttributes.php(157): Illuminate/Database/Console/Seeds/SeedCommand->Illuminate/Database/Console/Seeds/{closure}()
#20 C:/xampp/htdocs/laravel-projects/stem-lms/vendor/laravel/framework/src/Illuminate/Database/Console/Seeds/SeedCommand.php(70): Illuminate/Database/Eloquent/Model::unguarded()
#21 C:/xampp/htdocs/laravel-projects/stem-lms/vendor/laravel/framework/src/Illuminate/Container/BoundMethod.php(36): Illuminate/Database/Console/Seeds/SeedCommand->handle()
#22 C:/xampp/htdocs/laravel-projects/stem-lms/vendor/laravel/framework/src/Illuminate/Container/Util.php(43): Illuminate/Container/BoundMethod::Illuminate/Container/{closure}()
#23 C:/xampp/htdocs/laravel-projects/stem-lms/vendor/laravel/framework/src/Illuminate/Container/BoundMethod.php(96): Illuminate/Container/Util::unwrapIfClosure()
#24 C:/xampp/htdocs/laravel-projects/stem-lms/vendor/laravel/framework/src/Illuminate/Container/BoundMethod.php(35): Illuminate/Container/BoundMethod::callBoundMethod()
#25 C:/xampp/htdocs/laravel-projects/stem-lms/vendor/laravel/framework/src/Illuminate/Container/Container.php(799): Illuminate/Container/BoundMethod::call()
#26 C:/xampp/htdocs/laravel-projects/stem-lms/vendor/laravel/framework/src/Illuminate/Console/Command.php(211): Illuminate/Container/Container->call()
#27 C:/xampp/htdocs/laravel-projects/stem-lms/vendor/symfony/console/Command/Command.php(341): Illuminate/Console/Command->execute()
#28 C:/xampp/htdocs/laravel-projects/stem-lms/vendor/laravel/framework/src/Illuminate/Console/Command.php(180): Symfony/Component/Console/Command/Command->run()
#29 C:/xampp/htdocs/laravel-projects/stem-lms/vendor/laravel/framework/src/Illuminate/Console/Concerns/CallsCommands.php(68): Illuminate/Console/Command->run()
#30 C:/xampp/htdocs/laravel-projects/stem-lms/vendor/laravel/framework/src/Illuminate/Console/Concerns/CallsCommands.php(29): Illuminate/Console/Command->runCommand()
#31 C:/xampp/htdocs/laravel-projects/stem-lms/vendor/laravel/framework/src/Illuminate/Database/Console/Migrations/MigrateCommand.php(125): Illuminate/Console/Command->call()
#32 C:/xampp/htdocs/laravel-projects/stem-lms/vendor/laravel/framework/src/Illuminate/Database/Migrations/Migrator.php(671): Illuminate/Database/Console/Migrations/MigrateCommand->Illuminate/Database/Console/Migrations/{closure}()
#33 C:/xampp/htdocs/laravel-projects/stem-lms/vendor/laravel/framework/src/Illuminate/Database/Console/Migrations/MigrateCommand.php(109): Illuminate/Database/Migrations/Migrator->usingConnection()
#34 C:/xampp/htdocs/laravel-projects/stem-lms/vendor/laravel/framework/src/Illuminate/Database/Console/Migrations/MigrateCommand.php(88): Illuminate/Database/Console/Migrations/MigrateCommand->runMigrations()
#35 C:/xampp/htdocs/laravel-projects/stem-lms/vendor/laravel/framework/src/Illuminate/Container/BoundMethod.php(36): Illuminate/Database/Console/Migrations/MigrateCommand->handle()
#36 C:/xampp/htdocs/laravel-projects/stem-lms/vendor/laravel/framework/src/Illuminate/Container/Util.php(43): Illuminate/Container/BoundMethod::Illuminate/Container/{closure}()
#37 C:/xampp/htdocs/laravel-projects/stem-lms/vendor/laravel/framework/src/Illuminate/Container/BoundMethod.php(96): Illuminate/Container/Util::unwrapIfClosure()
#38 C:/xampp/htdocs/laravel-projects/stem-lms/vendor/laravel/framework/src/Illuminate/Container/BoundMethod.php(35): Illuminate/Container/BoundMethod::callBoundMethod()
#39 C:/xampp/htdocs/laravel-projects/stem-lms/vendor/laravel/framework/src/Illuminate/Container/Container.php(799): Illuminate/Container/BoundMethod::call()
#40 C:/xampp/htdocs/laravel-projects/stem-lms/vendor/laravel/framework/src/Illuminate/Console/Command.php(211): Illuminate/Container/Container->call()
#41 C:/xampp/htdocs/laravel-projects/stem-lms/vendor/symfony/console/Command/Command.php(341): Illuminate/Console/Command->execute()
#42 C:/xampp/htdocs/laravel-projects/stem-lms/vendor/laravel/framework/src/Illuminate/Console/Command.php(180): Symfony/Component/Console/Command/Command->run()
#43 C:/xampp/htdocs/laravel-projects/stem-lms/vendor/symfony/console/Application.php(1117): Illuminate/Console/Command->run()
#44 C:/xampp/htdocs/laravel-projects/stem-lms/vendor/symfony/console/Application.php(356): Symfony/Component/Console/Application->doRunCommand()
#45 C:/xampp/htdocs/laravel-projects/stem-lms/vendor/symfony/console/Application.php(195): Symfony/Component/Console/Application->doRun()
#46 C:/xampp/htdocs/laravel-projects/stem-lms/vendor/laravel/framework/src/Illuminate/Foundation/Console/Kernel.php(198): Symfony/Component/Console/Application->run()
#47 C:/xampp/htdocs/laravel-projects/stem-lms/vendor/laravel/framework/src/Illuminate/Foundation/Application.php(1235): Illuminate/Foundation/Console/Kernel->handle()
#48 C:/xampp/htdocs/laravel-projects/stem-lms/artisan(14): Illuminate/Foundation/Application->handleCommand()
#49 {main}
"} 
[2026-05-31 14:13:40] local.ERROR: SQLSTATE[23000]: Integrity constraint violation: 1052 Column 'course_id' in where clause is ambiguous (Connection: mysql, Host: 127.0.0.1, Port: 3306, Database: stem-edu, SQL: select `lessons`.`id` from `lessons` inner join `lesson_user` on `lessons`.`id` = `lesson_user`.`lesson_id` where `lesson_user`.`user_id` = 2 and `course_id` = 6) {"userId":2,"exception":"[object] (Illuminate\\Database\\QueryException(code: 23000): SQLSTATE[23000]: Integrity constraint violation: 1052 Column 'course_id' in where clause is ambiguous (Connection: mysql, Host: 127.0.0.1, Port: 3306, Database: stem-edu, SQL: select `lessons`.`id` from `lessons` inner join `lesson_user` on `lessons`.`id` = `lesson_user`.`lesson_id` where `lesson_user`.`user_id` = 2 and `course_id` = 6) at C:/xampp/htdocs/laravel-projects/stem-lms/vendor/laravel/framework/src/Illuminate/Database/Connection.php:838)
[stacktrace]
#0 C:/xampp/htdocs/laravel-projects/stem-lms/vendor/laravel/framework/src/Illuminate/Database/Connection.php(794): Illuminate/Database/Connection->runQueryCallback()
#1 C:/xampp/htdocs/laravel-projects/stem-lms/vendor/laravel/framework/src/Illuminate/Database/Connection.php(411): Illuminate/Database/Connection->run()
#2 C:/xampp/htdocs/laravel-projects/stem-lms/vendor/laravel/framework/src/Illuminate/Database/Query/Builder.php(3505): Illuminate/Database/Connection->select()
#3 C:/xampp/htdocs/laravel-projects/stem-lms/vendor/laravel/framework/src/Illuminate/Database/Query/Builder.php(3763): Illuminate/Database/Query/Builder->runSelect()
#4 C:/xampp/htdocs/laravel-projects/stem-lms/vendor/laravel/framework/src/Illuminate/Database/Query/Builder.php(4080): Illuminate/Database/Query/Builder->Illuminate/Database/Query/{closure}()
#5 C:/xampp/htdocs/laravel-projects/stem-lms/vendor/laravel/framework/src/Illuminate/Database/Query/Builder.php(3759): Illuminate/Database/Query/Builder->onceWithColumns()
#6 C:/xampp/htdocs/laravel-projects/stem-lms/vendor/laravel/framework/src/Illuminate/Database/Eloquent/Builder.php(1082): Illuminate/Database/Query/Builder->pluck()
#7 C:/xampp/htdocs/laravel-projects/stem-lms/vendor/laravel/framework/src/Illuminate/Support/Traits/ForwardsCalls.php(23): Illuminate/Database/Eloquent/Builder->pluck()
#8 C:/xampp/htdocs/laravel-projects/stem-lms/vendor/laravel/framework/src/Illuminate/Support/Traits/ForwardsCalls.php(52): Illuminate/Database/Eloquent/Relations/Relation->forwardCallTo()
#9 C:/xampp/htdocs/laravel-projects/stem-lms/vendor/laravel/framework/src/Illuminate/Database/Eloquent/Relations/Relation.php(538): Illuminate/Database/Eloquent/Relations/Relation->forwardDecoratedCallTo()
#10 C:/xampp/htdocs/laravel-projects/stem-lms/app/Http/Controllers/Frontend/LearnController.php(59): Illuminate/Database/Eloquent/Relations/Relation->__call()
#11 C:/xampp/htdocs/laravel-projects/stem-lms/vendor/laravel/framework/src/Illuminate/Routing/ControllerDispatcher.php(46): App/Http/Controllers/Frontend/LearnController->lesson()
#12 C:/xampp/htdocs/laravel-projects/stem-lms/vendor/laravel/framework/src/Illuminate/Routing/Route.php(265): Illuminate/Routing/ControllerDispatcher->dispatch()
#13 C:/xampp/htdocs/laravel-projects/stem-lms/vendor/laravel/framework/src/Illuminate/Routing/Route.php(211): Illuminate/Routing/Route->runController()
#14 C:/xampp/htdocs/laravel-projects/stem-lms/vendor/laravel/framework/src/Illuminate/Routing/Router.php(822): Illuminate/Routing/Route->run()
#15 C:/xampp/htdocs/laravel-projects/stem-lms/vendor/laravel/framework/src/Illuminate/Pipeline/Pipeline.php(180): Illuminate/Routing/Router->Illuminate/Routing/{closure}()
#16 C:/xampp/htdocs/laravel-projects/stem-lms/app/Http/Middleware/EnsureUserIsNotBlocked.php(23): Illuminate/Pipeline/Pipeline->Illuminate/Pipeline/{closure}()
#17 C:/xampp/htdocs/laravel-projects/stem-lms/vendor/laravel/framework/src/Illuminate/Pipeline/Pipeline.php(219): App/Http/Middleware/EnsureUserIsNotBlocked->handle()
#18 C:/xampp/htdocs/laravel-projects/stem-lms/vendor/laravel/framework/src/Illuminate/Routing/Middleware/SubstituteBindings.php(50): Illuminate/Pipeline/Pipeline->Illuminate/Pipeline/{closure}()
#19 C:/xampp/htdocs/laravel-projects/stem-lms/vendor/laravel/framework/src/Illuminate/Pipeline/Pipeline.php(219): Illuminate/Routing/Middleware/SubstituteBindings->handle()
#20 C:/xampp/htdocs/laravel-projects/stem-lms/vendor/laravel/framework/src/Illuminate/Auth/Middleware/Authenticate.php(63): Illuminate/Pipeline/Pipeline->Illuminate/Pipeline/{closure}()
#21 C:/xampp/htdocs/laravel-projects/stem-lms/vendor/laravel/framework/src/Illuminate/Pipeline/Pipeline.php(219): Illuminate/Auth/Middleware/Authenticate->handle()
#22 C:/xampp/htdocs/laravel-projects/stem-lms/vendor/laravel/framework/src/Illuminate/Foundation/Http/Middleware/VerifyCsrfToken.php(87): Illuminate/Pipeline/Pipeline->Illuminate/Pipeline/{closure}()
#23 C:/xampp/htdocs/laravel-projects/stem-lms/vendor/laravel/framework/src/Illuminate/Pipeline/Pipeline.php(219): Illuminate/Foundation/Http/Middleware/VerifyCsrfToken->handle()
#24 C:/xampp/htdocs/laravel-projects/stem-lms/vendor/laravel/framework/src/Illuminate/View/Middleware/ShareErrorsFromSession.php(48): Illuminate/Pipeline/Pipeline->Illuminate/Pipeline/{closure}()
#25 C:/xampp/htdocs/laravel-projects/stem-lms/vendor/laravel/framework/src/Illuminate/Pipeline/Pipeline.php(219): Illuminate/View/Middleware/ShareErrorsFromSession->handle()
#26 C:/xampp/htdocs/laravel-projects/stem-lms/vendor/laravel/framework/src/Illuminate/Session/Middleware/StartSession.php(120): Illuminate/Pipeline/Pipeline->Illuminate/Pipeline/{closure}()
#27 C:/xampp/htdocs/laravel-projects/stem-lms/vendor/laravel/framework/src/Illuminate/Session/Middleware/StartSession.php(63): Illuminate/Session/Middleware/StartSession->handleStatefulRequest()
#28 C:/xampp/htdocs/laravel-projects/stem-lms/vendor/laravel/framework/src/Illuminate/Pipeline/Pipeline.php(219): Illuminate/Session/Middleware/StartSession->handle()
#29 C:/xampp/htdocs/laravel-projects/stem-lms/vendor/laravel/framework/src/Illuminate/Cookie/Middleware/AddQueuedCookiesToResponse.php(36): Illuminate/Pipeline/Pipeline->Illuminate/Pipeline/{closure}()
#30 C:/xampp/htdocs/laravel-projects/stem-lms/vendor/laravel/framework/src/Illuminate/Pipeline/Pipeline.php(219): Illuminate/Cookie/Middleware/AddQueuedCookiesToResponse->handle()
#31 C:/xampp/htdocs/laravel-projects/stem-lms/vendor/laravel/framework/src/Illuminate/Cookie/Middleware/EncryptCookies.php(74): Illuminate/Pipeline/Pipeline->Illuminate/Pipeline/{closure}()
#32 C:/xampp/htdocs/laravel-projects/stem-lms/vendor/laravel/framework/src/Illuminate/Pipeline/Pipeline.php(219): Illuminate/Cookie/Middleware/EncryptCookies->handle()
#33 C:/xampp/htdocs/laravel-projects/stem-lms/vendor/laravel/framework/src/Illuminate/Pipeline/Pipeline.php(137): Illuminate/Pipeline/Pipeline->Illuminate/Pipeline/{closure}()
#34 C:/xampp/htdocs/laravel-projects/stem-lms/vendor/laravel/framework/src/Illuminate/Routing/Router.php(821): Illuminate/Pipeline/Pipeline->then()
#35 C:/xampp/htdocs/laravel-projects/stem-lms/vendor/laravel/framework/src/Illuminate/Routing/Router.php(800): Illuminate/Routing/Router->runRouteWithinStack()
#36 C:/xampp/htdocs/laravel-projects/stem-lms/vendor/laravel/framework/src/Illuminate/Routing/Router.php(764): Illuminate/Routing/Router->runRoute()
#37 C:/xampp/htdocs/laravel-projects/stem-lms/vendor/laravel/framework/src/Illuminate/Routing/Router.php(753): Illuminate/Routing/Router->dispatchToRoute()
#38 C:/xampp/htdocs/laravel-projects/stem-lms/vendor/laravel/framework/src/Illuminate/Foundation/Http/Kernel.php(200): Illuminate/Routing/Router->dispatch()
#39 C:/xampp/htdocs/laravel-projects/stem-lms/vendor/laravel/framework/src/Illuminate/Pipeline/Pipeline.php(180): Illuminate/Foundation/Http/Kernel->Illuminate/Foundation/Http/{closure}()
#40 C:/xampp/htdocs/laravel-projects/stem-lms/vendor/laravel/framework/src/Illuminate/Foundation/Http/Middleware/TransformsRequest.php(21): Illuminate/Pipeline/Pipeline->Illuminate/Pipeline/{closure}()
#41 C:/xampp/htdocs/laravel-projects/stem-lms/vendor/laravel/framework/src/Illuminate/Foundation/Http/Middleware/ConvertEmptyStringsToNull.php(31): Illuminate/Foundation/Http/Middleware/TransformsRequest->handle()
#42 C:/xampp/htdocs/laravel-projects/stem-lms/vendor/laravel/framework/src/Illuminate/Pipeline/Pipeline.php(219): Illuminate/Foundation/Http/Middleware/ConvertEmptyStringsToNull->handle()
#43 C:/xampp/htdocs/laravel-projects/stem-lms/vendor/laravel/framework/src/Illuminate/Foundation/Http/Middleware/TransformsRequest.php(21): Illuminate/Pipeline/Pipeline->Illuminate/Pipeline/{closure}()
#44 C:/xampp/htdocs/laravel-projects/stem-lms/vendor/laravel/framework/src/Illuminate/Foundation/Http/Middleware/TrimStrings.php(51): Illuminate/Foundation/Http/Middleware/TransformsRequest->handle()
#45 C:/xampp/htdocs/laravel-projects/stem-lms/vendor/laravel/framework/src/Illuminate/Pipeline/Pipeline.php(219): Illuminate/Foundation/Http/Middleware/TrimStrings->handle()
#46 C:/xampp/htdocs/laravel-projects/stem-lms/vendor/laravel/framework/src/Illuminate/Http/Middleware/ValidatePostSize.php(27): Illuminate/Pipeline/Pipeline->Illuminate/Pipeline/{closure}()
#47 C:/xampp/htdocs/laravel-projects/stem-lms/vendor/laravel/framework/src/Illuminate/Pipeline/Pipeline.php(219): Illuminate/Http/Middleware/ValidatePostSize->handle()
#48 C:/xampp/htdocs/laravel-projects/stem-lms/vendor/laravel/framework/src/Illuminate/Foundation/Http/Middleware/PreventRequestsDuringMaintenance.php(109): Illuminate/Pipeline/Pipeline->Illuminate/Pipeline/{closure}()
#49 C:/xampp/htdocs/laravel-projects/stem-lms/vendor/laravel/framework/src/Illuminate/Pipeline/Pipeline.php(219): Illuminate/Foundation/Http/Middleware/PreventRequestsDuringMaintenance->handle()
#50 C:/xampp/htdocs/laravel-projects/stem-lms/vendor/laravel/framework/src/Illuminate/Http/Middleware/HandleCors.php(61): Illuminate/Pipeline/Pipeline->Illuminate/Pipeline/{closure}()
#51 C:/xampp/htdocs/laravel-projects/stem-lms/vendor/laravel/framework/src/Illuminate/Pipeline/Pipeline.php(219): Illuminate/Http/Middleware/HandleCors->handle()
#52 C:/xampp/htdocs/laravel-projects/stem-lms/vendor/laravel/framework/src/Illuminate/Http/Middleware/TrustProxies.php(58): Illuminate/Pipeline/Pipeline->Illuminate/Pipeline/{closure}()
#53 C:/xampp/htdocs/laravel-projects/stem-lms/vendor/laravel/framework/src/Illuminate/Pipeline/Pipeline.php(219): Illuminate/Http/Middleware/TrustProxies->handle()
#54 C:/xampp/htdocs/laravel-projects/stem-lms/vendor/laravel/framework/src/Illuminate/Foundation/Http/Middleware/InvokeDeferredCallbacks.php(22): Illuminate/Pipeline/Pipeline->Illuminate/Pipeline/{closure}()
#55 C:/xampp/htdocs/laravel-projects/stem-lms/vendor/laravel/framework/src/Illuminate/Pipeline/Pipeline.php(219): Illuminate/Foundation/Http/Middleware/InvokeDeferredCallbacks->handle()
#56 C:/xampp/htdocs/laravel-projects/stem-lms/vendor/laravel/framework/src/Illuminate/Http/Middleware/ValidatePathEncoding.php(26): Illuminate/Pipeline/Pipeline->Illuminate/Pipeline/{closure}()
#57 C:/xampp/htdocs/laravel-projects/stem-lms/vendor/laravel/framework/src/Illuminate/Pipeline/Pipeline.php(219): Illuminate/Http/Middleware/ValidatePathEncoding->handle()
#58 C:/xampp/htdocs/laravel-projects/stem-lms/vendor/laravel/framework/src/Illuminate/Pipeline/Pipeline.php(137): Illuminate/Pipeline/Pipeline->Illuminate/Pipeline/{closure}()
#59 C:/xampp/htdocs/laravel-projects/stem-lms/vendor/laravel/framework/src/Illuminate/Foundation/Http/Kernel.php(175): Illuminate/Pipeline/Pipeline->then()
#60 C:/xampp/htdocs/laravel-projects/stem-lms/vendor/laravel/framework/src/Illuminate/Foundation/Http/Kernel.php(144): Illuminate/Foundation/Http/Kernel->sendRequestThroughRouter()
#61 C:/xampp/htdocs/laravel-projects/stem-lms/vendor/laravel/framework/src/Illuminate/Foundation/Application.php(1220): Illuminate/Foundation/Http/Kernel->handle()
#62 C:/xampp/htdocs/laravel-projects/stem-lms/public/index.php(17): Illuminate/Foundation/Application->handleRequest()
#63 C:/xampp/htdocs/laravel-projects/stem-lms/vendor/laravel/framework/src/Illuminate/Foundation/resources/server.php(23): require_once('...')
#64 {main}

[previous exception] [object] (PDOException(code: 23000): SQLSTATE[23000]: Integrity constraint violation: 1052 Column 'course_id' in where clause is ambiguous at C:/xampp/htdocs/laravel-projects/stem-lms/vendor/laravel/framework/src/Illuminate/Database/Connection.php:420)
[stacktrace]
#0 C:/xampp/htdocs/laravel-projects/stem-lms/vendor/laravel/framework/src/Illuminate/Database/Connection.php(420): PDO->prepare()
#1 C:/xampp/htdocs/laravel-projects/stem-lms/vendor/laravel/framework/src/Illuminate/Database/Connection.php(827): Illuminate/Database/Connection->Illuminate/Database/{closure}()
#2 C:/xampp/htdocs/laravel-projects/stem-lms/vendor/laravel/framework/src/Illuminate/Database/Connection.php(794): Illuminate/Database/Connection->runQueryCallback()
#3 C:/xampp/htdocs/laravel-projects/stem-lms/vendor/laravel/framework/src/Illuminate/Database/Connection.php(411): Illuminate/Database/Connection->run()
#4 C:/xampp/htdocs/laravel-projects/stem-lms/vendor/laravel/framework/src/Illuminate/Database/Query/Builder.php(3505): Illuminate/Database/Connection->select()
#5 C:/xampp/htdocs/laravel-projects/stem-lms/vendor/laravel/framework/src/Illuminate/Database/Query/Builder.php(3763): Illuminate/Database/Query/Builder->runSelect()
#6 C:/xampp/htdocs/laravel-projects/stem-lms/vendor/laravel/framework/src/Illuminate/Database/Query/Builder.php(4080): Illuminate/Database/Query/Builder->Illuminate/Database/Query/{closure}()
#7 C:/xampp/htdocs/laravel-projects/stem-lms/vendor/laravel/framework/src/Illuminate/Database/Query/Builder.php(3759): Illuminate/Database/Query/Builder->onceWithColumns()
#8 C:/xampp/htdocs/laravel-projects/stem-lms/vendor/laravel/framework/src/Illuminate/Database/Eloquent/Builder.php(1082): Illuminate/Database/Query/Builder->pluck()
#9 C:/xampp/htdocs/laravel-projects/stem-lms/vendor/laravel/framework/src/Illuminate/Support/Traits/ForwardsCalls.php(23): Illuminate/Database/Eloquent/Builder->pluck()
#10 C:/xampp/htdocs/laravel-projects/stem-lms/vendor/laravel/framework/src/Illuminate/Support/Traits/ForwardsCalls.php(52): Illuminate/Database/Eloquent/Relations/Relation->forwardCallTo()
#11 C:/xampp/htdocs/laravel-projects/stem-lms/vendor/laravel/framework/src/Illuminate/Database/Eloquent/Relations/Relation.php(538): Illuminate/Database/Eloquent/Relations/Relation->forwardDecoratedCallTo()
#12 C:/xampp/htdocs/laravel-projects/stem-lms/app/Http/Controllers/Frontend/LearnController.php(59): Illuminate/Database/Eloquent/Relations/Relation->__call()
#13 C:/xampp/htdocs/laravel-projects/stem-lms/vendor/laravel/framework/src/Illuminate/Routing/ControllerDispatcher.php(46): App/Http/Controllers/Frontend/LearnController->lesson()
#14 C:/xampp/htdocs/laravel-projects/stem-lms/vendor/laravel/framework/src/Illuminate/Routing/Route.php(265): Illuminate/Routing/ControllerDispatcher->dispatch()
#15 C:/xampp/htdocs/laravel-projects/stem-lms/vendor/laravel/framework/src/Illuminate/Routing/Route.php(211): Illuminate/Routing/Route->runController()
#16 C:/xampp/htdocs/laravel-projects/stem-lms/vendor/laravel/framework/src/Illuminate/Routing/Router.php(822): Illuminate/Routing/Route->run()
#17 C:/xampp/htdocs/laravel-projects/stem-lms/vendor/laravel/framework/src/Illuminate/Pipeline/Pipeline.php(180): Illuminate/Routing/Router->Illuminate/Routing/{closure}()
#18 C:/xampp/htdocs/laravel-projects/stem-lms/app/Http/Middleware/EnsureUserIsNotBlocked.php(23): Illuminate/Pipeline/Pipeline->Illuminate/Pipeline/{closure}()
#19 C:/xampp/htdocs/laravel-projects/stem-lms/vendor/laravel/framework/src/Illuminate/Pipeline/Pipeline.php(219): App/Http/Middleware/EnsureUserIsNotBlocked->handle()
#20 C:/xampp/htdocs/laravel-projects/stem-lms/vendor/laravel/framework/src/Illuminate/Routing/Middleware/SubstituteBindings.php(50): Illuminate/Pipeline/Pipeline->Illuminate/Pipeline/{closure}()
#21 C:/xampp/htdocs/laravel-projects/stem-lms/vendor/laravel/framework/src/Illuminate/Pipeline/Pipeline.php(219): Illuminate/Routing/Middleware/SubstituteBindings->handle()
#22 C:/xampp/htdocs/laravel-projects/stem-lms/vendor/laravel/framework/src/Illuminate/Auth/Middleware/Authenticate.php(63): Illuminate/Pipeline/Pipeline->Illuminate/Pipeline/{closure}()
#23 C:/xampp/htdocs/laravel-projects/stem-lms/vendor/laravel/framework/src/Illuminate/Pipeline/Pipeline.php(219): Illuminate/Auth/Middleware/Authenticate->handle()
#24 C:/xampp/htdocs/laravel-projects/stem-lms/vendor/laravel/framework/src/Illuminate/Foundation/Http/Middleware/VerifyCsrfToken.php(87): Illuminate/Pipeline/Pipeline->Illuminate/Pipeline/{closure}()
#25 C:/xampp/htdocs/laravel-projects/stem-lms/vendor/laravel/framework/src/Illuminate/Pipeline/Pipeline.php(219): Illuminate/Foundation/Http/Middleware/VerifyCsrfToken->handle()
#26 C:/xampp/htdocs/laravel-projects/stem-lms/vendor/laravel/framework/src/Illuminate/View/Middleware/ShareErrorsFromSession.php(48): Illuminate/Pipeline/Pipeline->Illuminate/Pipeline/{closure}()
#27 C:/xampp/htdocs/laravel-projects/stem-lms/vendor/laravel/framework/src/Illuminate/Pipeline/Pipeline.php(219): Illuminate/View/Middleware/ShareErrorsFromSession->handle()
#28 C:/xampp/htdocs/laravel-projects/stem-lms/vendor/laravel/framework/src/Illuminate/Session/Middleware/StartSession.php(120): Illuminate/Pipeline/Pipeline->Illuminate/Pipeline/{closure}()
#29 C:/xampp/htdocs/laravel-projects/stem-lms/vendor/laravel/framework/src/Illuminate/Session/Middleware/StartSession.php(63): Illuminate/Session/Middleware/StartSession->handleStatefulRequest()
#30 C:/xampp/htdocs/laravel-projects/stem-lms/vendor/laravel/framework/src/Illuminate/Pipeline/Pipeline.php(219): Illuminate/Session/Middleware/StartSession->handle()
#31 C:/xampp/htdocs/laravel-projects/stem-lms/vendor/laravel/framework/src/Illuminate/Cookie/Middleware/AddQueuedCookiesToResponse.php(36): Illuminate/Pipeline/Pipeline->Illuminate/Pipeline/{closure}()
#32 C:/xampp/htdocs/laravel-projects/stem-lms/vendor/laravel/framework/src/Illuminate/Pipeline/Pipeline.php(219): Illuminate/Cookie/Middleware/AddQueuedCookiesToResponse->handle()
#33 C:/xampp/htdocs/laravel-projects/stem-lms/vendor/laravel/framework/src/Illuminate/Cookie/Middleware/EncryptCookies.php(74): Illuminate/Pipeline/Pipeline->Illuminate/Pipeline/{closure}()
#34 C:/xampp/htdocs/laravel-projects/stem-lms/vendor/laravel/framework/src/Illuminate/Pipeline/Pipeline.php(219): Illuminate/Cookie/Middleware/EncryptCookies->handle()
#35 C:/xampp/htdocs/laravel-projects/stem-lms/vendor/laravel/framework/src/Illuminate/Pipeline/Pipeline.php(137): Illuminate/Pipeline/Pipeline->Illuminate/Pipeline/{closure}()
#36 C:/xampp/htdocs/laravel-projects/stem-lms/vendor/laravel/framework/src/Illuminate/Routing/Router.php(821): Illuminate/Pipeline/Pipeline->then()
#37 C:/xampp/htdocs/laravel-projects/stem-lms/vendor/laravel/framework/src/Illuminate/Routing/Router.php(800): Illuminate/Routing/Router->runRouteWithinStack()
#38 C:/xampp/htdocs/laravel-projects/stem-lms/vendor/laravel/framework/src/Illuminate/Routing/Router.php(764): Illuminate/Routing/Router->runRoute()
#39 C:/xampp/htdocs/laravel-projects/stem-lms/vendor/laravel/framework/src/Illuminate/Routing/Router.php(753): Illuminate/Routing/Router->dispatchToRoute()
#40 C:/xampp/htdocs/laravel-projects/stem-lms/vendor/laravel/framework/src/Illuminate/Foundation/Http/Kernel.php(200): Illuminate/Routing/Router->dispatch()
#41 C:/xampp/htdocs/laravel-projects/stem-lms/vendor/laravel/framework/src/Illuminate/Pipeline/Pipeline.php(180): Illuminate/Foundation/Http/Kernel->Illuminate/Foundation/Http/{closure}()
#42 C:/xampp/htdocs/laravel-projects/stem-lms/vendor/laravel/framework/src/Illuminate/Foundation/Http/Middleware/TransformsRequest.php(21): Illuminate/Pipeline/Pipeline->Illuminate/Pipeline/{closure}()
#43 C:/xampp/htdocs/laravel-projects/stem-lms/vendor/laravel/framework/src/Illuminate/Foundation/Http/Middleware/ConvertEmptyStringsToNull.php(31): Illuminate/Foundation/Http/Middleware/TransformsRequest->handle()
#44 C:/xampp/htdocs/laravel-projects/stem-lms/vendor/laravel/framework/src/Illuminate/Pipeline/Pipeline.php(219): Illuminate/Foundation/Http/Middleware/ConvertEmptyStringsToNull->handle()
#45 C:/xampp/htdocs/laravel-projects/stem-lms/vendor/laravel/framework/src/Illuminate/Foundation/Http/Middleware/TransformsRequest.php(21): Illuminate/Pipeline/Pipeline->Illuminate/Pipeline/{closure}()
#46 C:/xampp/htdocs/laravel-projects/stem-lms/vendor/laravel/framework/src/Illuminate/Foundation/Http/Middleware/TrimStrings.php(51): Illuminate/Foundation/Http/Middleware/TransformsRequest->handle()
#47 C:/xampp/htdocs/laravel-projects/stem-lms/vendor/laravel/framework/src/Illuminate/Pipeline/Pipeline.php(219): Illuminate/Foundation/Http/Middleware/TrimStrings->handle()
#48 C:/xampp/htdocs/laravel-projects/stem-lms/vendor/laravel/framework/src/Illuminate/Http/Middleware/ValidatePostSize.php(27): Illuminate/Pipeline/Pipeline->Illuminate/Pipeline/{closure}()
#49 C:/xampp/htdocs/laravel-projects/stem-lms/vendor/laravel/framework/src/Illuminate/Pipeline/Pipeline.php(219): Illuminate/Http/Middleware/ValidatePostSize->handle()
#50 C:/xampp/htdocs/laravel-projects/stem-lms/vendor/laravel/framework/src/Illuminate/Foundation/Http/Middleware/PreventRequestsDuringMaintenance.php(109): Illuminate/Pipeline/Pipeline->Illuminate/Pipeline/{closure}()
#51 C:/xampp/htdocs/laravel-projects/stem-lms/vendor/laravel/framework/src/Illuminate/Pipeline/Pipeline.php(219): Illuminate/Foundation/Http/Middleware/PreventRequestsDuringMaintenance->handle()
#52 C:/xampp/htdocs/laravel-projects/stem-lms/vendor/laravel/framework/src/Illuminate/Http/Middleware/HandleCors.php(61): Illuminate/Pipeline/Pipeline->Illuminate/Pipeline/{closure}()
#53 C:/xampp/htdocs/laravel-projects/stem-lms/vendor/laravel/framework/src/Illuminate/Pipeline/Pipeline.php(219): Illuminate/Http/Middleware/HandleCors->handle()
#54 C:/xampp/htdocs/laravel-projects/stem-lms/vendor/laravel/framework/src/Illuminate/Http/Middleware/TrustProxies.php(58): Illuminate/Pipeline/Pipeline->Illuminate/Pipeline/{closure}()
#55 C:/xampp/htdocs/laravel-projects/stem-lms/vendor/laravel/framework/src/Illuminate/Pipeline/Pipeline.php(219): Illuminate/Http/Middleware/TrustProxies->handle()
#56 C:/xampp/htdocs/laravel-projects/stem-lms/vendor/laravel/framework/src/Illuminate/Foundation/Http/Middleware/InvokeDeferredCallbacks.php(22): Illuminate/Pipeline/Pipeline->Illuminate/Pipeline/{closure}()
#57 C:/xampp/htdocs/laravel-projects/stem-lms/vendor/laravel/framework/src/Illuminate/Pipeline/Pipeline.php(219): Illuminate/Foundation/Http/Middleware/InvokeDeferredCallbacks->handle()
#58 C:/xampp/htdocs/laravel-projects/stem-lms/vendor/laravel/framework/src/Illuminate/Http/Middleware/ValidatePathEncoding.php(26): Illuminate/Pipeline/Pipeline->Illuminate/Pipeline/{closure}()
#59 C:/xampp/htdocs/laravel-projects/stem-lms/vendor/laravel/framework/src/Illuminate/Pipeline/Pipeline.php(219): Illuminate/Http/Middleware/ValidatePathEncoding->handle()
#60 C:/xampp/htdocs/laravel-projects/stem-lms/vendor/laravel/framework/src/Illuminate/Pipeline/Pipeline.php(137): Illuminate/Pipeline/Pipeline->Illuminate/Pipeline/{closure}()
#61 C:/xampp/htdocs/laravel-projects/stem-lms/vendor/laravel/framework/src/Illuminate/Foundation/Http/Kernel.php(175): Illuminate/Pipeline/Pipeline->then()
#62 C:/xampp/htdocs/laravel-projects/stem-lms/vendor/laravel/framework/src/Illuminate/Foundation/Http/Kernel.php(144): Illuminate/Foundation/Http/Kernel->sendRequestThroughRouter()
#63 C:/xampp/htdocs/laravel-projects/stem-lms/vendor/laravel/framework/src/Illuminate/Foundation/Application.php(1220): Illuminate/Foundation/Http/Kernel->handle()
#64 C:/xampp/htdocs/laravel-projects/stem-lms/public/index.php(17): Illuminate/Foundation/Application->handleRequest()
#65 C:/xampp/htdocs/laravel-projects/stem-lms/vendor/laravel/framework/src/Illuminate/Foundation/resources/server.php(23): require_once('...')
#66 {main}
"} 
[2026-05-31 14:14:10] local.ERROR: Maximum execution time of 30 seconds exceeded {"userId":2,"exception":"[object] (Symfony\\Component\\ErrorHandler\\Error\\FatalError(code: 0): Maximum execution time of 30 seconds exceeded at C:/xampp/htdocs/laravel-projects/stem-lms/storage/framework/views/8b97924c0df911a5b106e8ca7c18f9b7.php:1)
[stacktrace]
#0 {main}
"} 
[2026-05-31 18:50:09] local.ERROR: Trait "Spatie\Translatable\HasTranslations" not found {"exception":"[object] (Symfony\\Component\\ErrorHandler\\Error\\FatalError(code: 0): Trait \"Spatie\\Translatable\\HasTranslations\" not found at C:/xampp/htdocs/laravel-projects/stem-lms/app/Models/Category.php:12)
[stacktrace]
#0 {main}
"} 
[2026-05-31 18:50:09] local.ERROR: Trait "Spatie\Translatable\HasTranslations" not found {"exception":"[object] (Symfony\\Component\\ErrorHandler\\Error\\FatalError(code: 0): Trait \"Spatie\\Translatable\\HasTranslations\" not found at C:/xampp/htdocs/laravel-projects/stem-lms/app/Models/Category.php:12)
[stacktrace]
#0 {main}
"} 
[2026-05-31 18:50:36] local.ERROR: Trait "Spatie\Translatable\HasTranslations" not found {"exception":"[object] (Symfony\\Component\\ErrorHandler\\Error\\FatalError(code: 0): Trait \"Spatie\\Translatable\\HasTranslations\" not found at C:/xampp/htdocs/laravel-projects/stem-lms/app/Models/Category.php:12)
[stacktrace]
#0 {main}
"} 
[2026-05-31 18:51:36] local.ERROR: Trait "Spatie\Translatable\HasTranslations" not found {"exception":"[object] (Symfony\\Component\\ErrorHandler\\Error\\FatalError(code: 0): Trait \"Spatie\\Translatable\\HasTranslations\" not found at C:/xampp/htdocs/laravel-projects/stem-lms/app/Models/Category.php:12)
[stacktrace]
#0 {main}
"} 
[2026-05-31 18:52:40] local.ERROR: Trait "Spatie\Translatable\HasTranslations" not found {"exception":"[object] (Symfony\\Component\\ErrorHandler\\Error\\FatalError(code: 0): Trait \"Spatie\\Translatable\\HasTranslations\" not found at C:/xampp/htdocs/laravel-projects/stem-lms/app/Models/Category.php:12)
[stacktrace]
#0 {main}
"} 
[2026-05-31 18:53:36] local.ERROR: Trait "Spatie\Translatable\HasTranslations" not found {"exception":"[object] (Symfony\\Component\\ErrorHandler\\Error\\FatalError(code: 0): Trait \"Spatie\\Translatable\\HasTranslations\" not found at C:/xampp/htdocs/laravel-projects/stem-lms/app/Models/Category.php:12)
[stacktrace]
#0 {main}
"} 
[2026-05-31 18:54:34] local.ERROR: Trait "Spatie\Translatable\HasTranslations" not found {"exception":"[object] (Symfony\\Component\\ErrorHandler\\Error\\FatalError(code: 0): Trait \"Spatie\\Translatable\\HasTranslations\" not found at C:/xampp/htdocs/laravel-projects/stem-lms/app/Models/Category.php:12)
[stacktrace]
#0 {main}
"} 
[2026-05-31 18:55:34] local.ERROR: Trait "Spatie\Translatable\HasTranslations" not found {"exception":"[object] (Symfony\\Component\\ErrorHandler\\Error\\FatalError(code: 0): Trait \"Spatie\\Translatable\\HasTranslations\" not found at C:/xampp/htdocs/laravel-projects/stem-lms/app/Models/Category.php:12)
[stacktrace]
#0 {main}
"} 
[2026-05-31 18:56:34] local.ERROR: Trait "Spatie\Translatable\HasTranslations" not found {"exception":"[object] (Symfony\\Component\\ErrorHandler\\Error\\FatalError(code: 0): Trait \"Spatie\\Translatable\\HasTranslations\" not found at C:/xampp/htdocs/laravel-projects/stem-lms/app/Models/Category.php:12)
[stacktrace]
#0 {main}
"} 
[2026-05-31 19:25:49] local.ERROR: SQLSTATE[23000]: Integrity constraint violation: 1052 Column 'course_id' in where clause is ambiguous (Connection: mysql, Host: 127.0.0.1, Port: 3306, Database: stem_lms, SQL: select `lessons`.`id` from `lessons` inner join `lesson_user` on `lessons`.`id` = `lesson_user`.`lesson_id` where `lesson_user`.`user_id` = 1 and `course_id` = 5) {"userId":1,"exception":"[object] (Illuminate\\Database\\QueryException(code: 23000): SQLSTATE[23000]: Integrity constraint violation: 1052 Column 'course_id' in where clause is ambiguous (Connection: mysql, Host: 127.0.0.1, Port: 3306, Database: stem_lms, SQL: select `lessons`.`id` from `lessons` inner join `lesson_user` on `lessons`.`id` = `lesson_user`.`lesson_id` where `lesson_user`.`user_id` = 1 and `course_id` = 5) at C:/xampp/htdocs/laravel-projects/stem-lms/vendor/laravel/framework/src/Illuminate/Database/Connection.php:838)
[stacktrace]
#0 C:/xampp/htdocs/laravel-projects/stem-lms/vendor/laravel/framework/src/Illuminate/Database/Connection.php(794): Illuminate/Database/Connection->runQueryCallback()
#1 C:/xampp/htdocs/laravel-projects/stem-lms/vendor/laravel/framework/src/Illuminate/Database/Connection.php(411): Illuminate/Database/Connection->run()
#2 C:/xampp/htdocs/laravel-projects/stem-lms/vendor/laravel/framework/src/Illuminate/Database/Query/Builder.php(3505): Illuminate/Database/Connection->select()
#3 C:/xampp/htdocs/laravel-projects/stem-lms/vendor/laravel/framework/src/Illuminate/Database/Query/Builder.php(3763): Illuminate/Database/Query/Builder->runSelect()
#4 C:/xampp/htdocs/laravel-projects/stem-lms/vendor/laravel/framework/src/Illuminate/Database/Query/Builder.php(4080): Illuminate/Database/Query/Builder->Illuminate/Database/Query/{closure}()
#5 C:/xampp/htdocs/laravel-projects/stem-lms/vendor/laravel/framework/src/Illuminate/Database/Query/Builder.php(3759): Illuminate/Database/Query/Builder->onceWithColumns()
#6 C:/xampp/htdocs/laravel-projects/stem-lms/vendor/laravel/framework/src/Illuminate/Database/Eloquent/Builder.php(1082): Illuminate/Database/Query/Builder->pluck()
#7 C:/xampp/htdocs/laravel-projects/stem-lms/vendor/laravel/framework/src/Illuminate/Support/Traits/ForwardsCalls.php(23): Illuminate/Database/Eloquent/Builder->pluck()
#8 C:/xampp/htdocs/laravel-projects/stem-lms/vendor/laravel/framework/src/Illuminate/Support/Traits/ForwardsCalls.php(52): Illuminate/Database/Eloquent/Relations/Relation->forwardCallTo()
#9 C:/xampp/htdocs/laravel-projects/stem-lms/vendor/laravel/framework/src/Illuminate/Database/Eloquent/Relations/Relation.php(538): Illuminate/Database/Eloquent/Relations/Relation->forwardDecoratedCallTo()
#10 C:/xampp/htdocs/laravel-projects/stem-lms/app/Http/Controllers/Frontend/LearnController.php(59): Illuminate/Database/Eloquent/Relations/Relation->__call()
#11 C:/xampp/htdocs/laravel-projects/stem-lms/vendor/laravel/framework/src/Illuminate/Routing/ControllerDispatcher.php(46): App/Http/Controllers/Frontend/LearnController->lesson()
#12 C:/xampp/htdocs/laravel-projects/stem-lms/vendor/laravel/framework/src/Illuminate/Routing/Route.php(265): Illuminate/Routing/ControllerDispatcher->dispatch()
#13 C:/xampp/htdocs/laravel-projects/stem-lms/vendor/laravel/framework/src/Illuminate/Routing/Route.php(211): Illuminate/Routing/Route->runController()
#14 C:/xampp/htdocs/laravel-projects/stem-lms/vendor/laravel/framework/src/Illuminate/Routing/Router.php(822): Illuminate/Routing/Route->run()
#15 C:/xampp/htdocs/laravel-projects/stem-lms/vendor/laravel/framework/src/Illuminate/Pipeline/Pipeline.php(180): Illuminate/Routing/Router->Illuminate/Routing/{closure}()
#16 C:/xampp/htdocs/laravel-projects/stem-lms/app/Http/Middleware/EnsureUserIsNotBlocked.php(23): Illuminate/Pipeline/Pipeline->Illuminate/Pipeline/{closure}()
#17 C:/xampp/htdocs/laravel-projects/stem-lms/vendor/laravel/framework/src/Illuminate/Pipeline/Pipeline.php(219): App/Http/Middleware/EnsureUserIsNotBlocked->handle()
#18 C:/xampp/htdocs/laravel-projects/stem-lms/app/Http/Middleware/SetLocale.php(29): Illuminate/Pipeline/Pipeline->Illuminate/Pipeline/{closure}()
#19 C:/xampp/htdocs/laravel-projects/stem-lms/vendor/laravel/framework/src/Illuminate/Pipeline/Pipeline.php(219): App/Http/Middleware/SetLocale->handle()
#20 C:/xampp/htdocs/laravel-projects/stem-lms/vendor/laravel/framework/src/Illuminate/Routing/Middleware/SubstituteBindings.php(50): Illuminate/Pipeline/Pipeline->Illuminate/Pipeline/{closure}()
#21 C:/xampp/htdocs/laravel-projects/stem-lms/vendor/laravel/framework/src/Illuminate/Pipeline/Pipeline.php(219): Illuminate/Routing/Middleware/SubstituteBindings->handle()
#22 C:/xampp/htdocs/laravel-projects/stem-lms/vendor/laravel/framework/src/Illuminate/Auth/Middleware/Authenticate.php(63): Illuminate/Pipeline/Pipeline->Illuminate/Pipeline/{closure}()
#23 C:/xampp/htdocs/laravel-projects/stem-lms/vendor/laravel/framework/src/Illuminate/Pipeline/Pipeline.php(219): Illuminate/Auth/Middleware/Authenticate->handle()
#24 C:/xampp/htdocs/laravel-projects/stem-lms/vendor/laravel/framework/src/Illuminate/Foundation/Http/Middleware/VerifyCsrfToken.php(87): Illuminate/Pipeline/Pipeline->Illuminate/Pipeline/{closure}()
#25 C:/xampp/htdocs/laravel-projects/stem-lms/vendor/laravel/framework/src/Illuminate/Pipeline/Pipeline.php(219): Illuminate/Foundation/Http/Middleware/VerifyCsrfToken->handle()
#26 C:/xampp/htdocs/laravel-projects/stem-lms/vendor/laravel/framework/src/Illuminate/View/Middleware/ShareErrorsFromSession.php(48): Illuminate/Pipeline/Pipeline->Illuminate/Pipeline/{closure}()
#27 C:/xampp/htdocs/laravel-projects/stem-lms/vendor/laravel/framework/src/Illuminate/Pipeline/Pipeline.php(219): Illuminate/View/Middleware/ShareErrorsFromSession->handle()
#28 C:/xampp/htdocs/laravel-projects/stem-lms/vendor/laravel/framework/src/Illuminate/Session/Middleware/StartSession.php(120): Illuminate/Pipeline/Pipeline->Illuminate/Pipeline/{closure}()
#29 C:/xampp/htdocs/laravel-projects/stem-lms/vendor/laravel/framework/src/Illuminate/Session/Middleware/StartSession.php(63): Illuminate/Session/Middleware/StartSession->handleStatefulRequest()
#30 C:/xampp/htdocs/laravel-projects/stem-lms/vendor/laravel/framework/src/Illuminate/Pipeline/Pipeline.php(219): Illuminate/Session/Middleware/StartSession->handle()
#31 C:/xampp/htdocs/laravel-projects/stem-lms/vendor/laravel/framework/src/Illuminate/Cookie/Middleware/AddQueuedCookiesToResponse.php(36): Illuminate/Pipeline/Pipeline->Illuminate/Pipeline/{closure}()
#32 C:/xampp/htdocs/laravel-projects/stem-lms/vendor/laravel/framework/src/Illuminate/Pipeline/Pipeline.php(219): Illuminate/Cookie/Middleware/AddQueuedCookiesToResponse->handle()
#33 C:/xampp/htdocs/laravel-projects/stem-lms/vendor/laravel/framework/src/Illuminate/Cookie/Middleware/EncryptCookies.php(74): Illuminate/Pipeline/Pipeline->Illuminate/Pipeline/{closure}()
#34 C:/xampp/htdocs/laravel-projects/stem-lms/vendor/laravel/framework/src/Illuminate/Pipeline/Pipeline.php(219): Illuminate/Cookie/Middleware/EncryptCookies->handle()
#35 C:/xampp/htdocs/laravel-projects/stem-lms/vendor/laravel/framework/src/Illuminate/Pipeline/Pipeline.php(137): Illuminate/Pipeline/Pipeline->Illuminate/Pipeline/{closure}()
#36 C:/xampp/htdocs/laravel-projects/stem-lms/vendor/laravel/framework/src/Illuminate/Routing/Router.php(821): Illuminate/Pipeline/Pipeline->then()
#37 C:/xampp/htdocs/laravel-projects/stem-lms/vendor/laravel/framework/src/Illuminate/Routing/Router.php(800): Illuminate/Routing/Router->runRouteWithinStack()
#38 C:/xampp/htdocs/laravel-projects/stem-lms/vendor/laravel/framework/src/Illuminate/Routing/Router.php(764): Illuminate/Routing/Router->runRoute()
#39 C:/xampp/htdocs/laravel-projects/stem-lms/vendor/laravel/framework/src/Illuminate/Routing/Router.php(753): Illuminate/Routing/Router->dispatchToRoute()
#40 C:/xampp/htdocs/laravel-projects/stem-lms/vendor/laravel/framework/src/Illuminate/Foundation/Http/Kernel.php(200): Illuminate/Routing/Router->dispatch()
#41 C:/xampp/htdocs/laravel-projects/stem-lms/vendor/laravel/framework/src/Illuminate/Pipeline/Pipeline.php(180): Illuminate/Foundation/Http/Kernel->Illuminate/Foundation/Http/{closure}()
#42 C:/xampp/htdocs/laravel-projects/stem-lms/vendor/laravel/framework/src/Illuminate/Foundation/Http/Middleware/TransformsRequest.php(21): Illuminate/Pipeline/Pipeline->Illuminate/Pipeline/{closure}()
#43 C:/xampp/htdocs/laravel-projects/stem-lms/vendor/laravel/framework/src/Illuminate/Foundation/Http/Middleware/ConvertEmptyStringsToNull.php(31): Illuminate/Foundation/Http/Middleware/TransformsRequest->handle()
#44 C:/xampp/htdocs/laravel-projects/stem-lms/vendor/laravel/framework/src/Illuminate/Pipeline/Pipeline.php(219): Illuminate/Foundation/Http/Middleware/ConvertEmptyStringsToNull->handle()
#45 C:/xampp/htdocs/laravel-projects/stem-lms/vendor/laravel/framework/src/Illuminate/Foundation/Http/Middleware/TransformsRequest.php(21): Illuminate/Pipeline/Pipeline->Illuminate/Pipeline/{closure}()
#46 C:/xampp/htdocs/laravel-projects/stem-lms/vendor/laravel/framework/src/Illuminate/Foundation/Http/Middleware/TrimStrings.php(51): Illuminate/Foundation/Http/Middleware/TransformsRequest->handle()
#47 C:/xampp/htdocs/laravel-projects/stem-lms/vendor/laravel/framework/src/Illuminate/Pipeline/Pipeline.php(219): Illuminate/Foundation/Http/Middleware/TrimStrings->handle()
#48 C:/xampp/htdocs/laravel-projects/stem-lms/vendor/laravel/framework/src/Illuminate/Http/Middleware/ValidatePostSize.php(27): Illuminate/Pipeline/Pipeline->Illuminate/Pipeline/{closure}()
#49 C:/xampp/htdocs/laravel-projects/stem-lms/vendor/laravel/framework/src/Illuminate/Pipeline/Pipeline.php(219): Illuminate/Http/Middleware/ValidatePostSize->handle()
#50 C:/xampp/htdocs/laravel-projects/stem-lms/vendor/laravel/framework/src/Illuminate/Foundation/Http/Middleware/PreventRequestsDuringMaintenance.php(109): Illuminate/Pipeline/Pipeline->Illuminate/Pipeline/{closure}()
#51 C:/xampp/htdocs/laravel-projects/stem-lms/vendor/laravel/framework/src/Illuminate/Pipeline/Pipeline.php(219): Illuminate/Foundation/Http/Middleware/PreventRequestsDuringMaintenance->handle()
#52 C:/xampp/htdocs/laravel-projects/stem-lms/vendor/laravel/framework/src/Illuminate/Http/Middleware/HandleCors.php(61): Illuminate/Pipeline/Pipeline->Illuminate/Pipeline/{closure}()
#53 C:/xampp/htdocs/laravel-projects/stem-lms/vendor/laravel/framework/src/Illuminate/Pipeline/Pipeline.php(219): Illuminate/Http/Middleware/HandleCors->handle()
#54 C:/xampp/htdocs/laravel-projects/stem-lms/vendor/laravel/framework/src/Illuminate/Http/Middleware/TrustProxies.php(58): Illuminate/Pipeline/Pipeline->Illuminate/Pipeline/{closure}()
#55 C:/xampp/htdocs/laravel-projects/stem-lms/vendor/laravel/framework/src/Illuminate/Pipeline/Pipeline.php(219): Illuminate/Http/Middleware/TrustProxies->handle()
#56 C:/xampp/htdocs/laravel-projects/stem-lms/vendor/laravel/framework/src/Illuminate/Foundation/Http/Middleware/InvokeDeferredCallbacks.php(22): Illuminate/Pipeline/Pipeline->Illuminate/Pipeline/{closure}()
#57 C:/xampp/htdocs/laravel-projects/stem-lms/vendor/laravel/framework/src/Illuminate/Pipeline/Pipeline.php(219): Illuminate/Foundation/Http/Middleware/InvokeDeferredCallbacks->handle()
#58 C:/xampp/htdocs/laravel-projects/stem-lms/vendor/laravel/framework/src/Illuminate/Http/Middleware/ValidatePathEncoding.php(26): Illuminate/Pipeline/Pipeline->Illuminate/Pipeline/{closure}()
#59 C:/xampp/htdocs/laravel-projects/stem-lms/vendor/laravel/framework/src/Illuminate/Pipeline/Pipeline.php(219): Illuminate/Http/Middleware/ValidatePathEncoding->handle()
#60 C:/xampp/htdocs/laravel-projects/stem-lms/vendor/laravel/framework/src/Illuminate/Pipeline/Pipeline.php(137): Illuminate/Pipeline/Pipeline->Illuminate/Pipeline/{closure}()
#61 C:/xampp/htdocs/laravel-projects/stem-lms/vendor/laravel/framework/src/Illuminate/Foundation/Http/Kernel.php(175): Illuminate/Pipeline/Pipeline->then()
#62 C:/xampp/htdocs/laravel-projects/stem-lms/vendor/laravel/framework/src/Illuminate/Foundation/Http/Kernel.php(144): Illuminate/Foundation/Http/Kernel->sendRequestThroughRouter()
#63 C:/xampp/htdocs/laravel-projects/stem-lms/vendor/laravel/framework/src/Illuminate/Foundation/Application.php(1220): Illuminate/Foundation/Http/Kernel->handle()
#64 C:/xampp/htdocs/laravel-projects/stem-lms/public/index.php(17): Illuminate/Foundation/Application->handleRequest()
#65 C:/xampp/htdocs/laravel-projects/stem-lms/vendor/laravel/framework/src/Illuminate/Foundation/resources/server.php(23): require_once('...')
#66 {main}

[previous exception] [object] (PDOException(code: 23000): SQLSTATE[23000]: Integrity constraint violation: 1052 Column 'course_id' in where clause is ambiguous at C:/xampp/htdocs/laravel-projects/stem-lms/vendor/laravel/framework/src/Illuminate/Database/Connection.php:420)
[stacktrace]
#0 C:/xampp/htdocs/laravel-projects/stem-lms/vendor/laravel/framework/src/Illuminate/Database/Connection.php(420): PDO->prepare()
#1 C:/xampp/htdocs/laravel-projects/stem-lms/vendor/laravel/framework/src/Illuminate/Database/Connection.php(827): Illuminate/Database/Connection->Illuminate/Database/{closure}()
#2 C:/xampp/htdocs/laravel-projects/stem-lms/vendor/laravel/framework/src/Illuminate/Database/Connection.php(794): Illuminate/Database/Connection->runQueryCallback()
#3 C:/xampp/htdocs/laravel-projects/stem-lms/vendor/laravel/framework/src/Illuminate/Database/Connection.php(411): Illuminate/Database/Connection->run()
#4 C:/xampp/htdocs/laravel-projects/stem-lms/vendor/laravel/framework/src/Illuminate/Database/Query/Builder.php(3505): Illuminate/Database/Connection->select()
#5 C:/xampp/htdocs/laravel-projects/stem-lms/vendor/laravel/framework/src/Illuminate/Database/Query/Builder.php(3763): Illuminate/Database/Query/Builder->runSelect()
#6 C:/xampp/htdocs/laravel-projects/stem-lms/vendor/laravel/framework/src/Illuminate/Database/Query/Builder.php(4080): Illuminate/Database/Query/Builder->Illuminate/Database/Query/{closure}()
#7 C:/xampp/htdocs/laravel-projects/stem-lms/vendor/laravel/framework/src/Illuminate/Database/Query/Builder.php(3759): Illuminate/Database/Query/Builder->onceWithColumns()
#8 C:/xampp/htdocs/laravel-projects/stem-lms/vendor/laravel/framework/src/Illuminate/Database/Eloquent/Builder.php(1082): Illuminate/Database/Query/Builder->pluck()
#9 C:/xampp/htdocs/laravel-projects/stem-lms/vendor/laravel/framework/src/Illuminate/Support/Traits/ForwardsCalls.php(23): Illuminate/Database/Eloquent/Builder->pluck()
#10 C:/xampp/htdocs/laravel-projects/stem-lms/vendor/laravel/framework/src/Illuminate/Support/Traits/ForwardsCalls.php(52): Illuminate/Database/Eloquent/Relations/Relation->forwardCallTo()
#11 C:/xampp/htdocs/laravel-projects/stem-lms/vendor/laravel/framework/src/Illuminate/Database/Eloquent/Relations/Relation.php(538): Illuminate/Database/Eloquent/Relations/Relation->forwardDecoratedCallTo()
#12 C:/xampp/htdocs/laravel-projects/stem-lms/app/Http/Controllers/Frontend/LearnController.php(59): Illuminate/Database/Eloquent/Relations/Relation->__call()
#13 C:/xampp/htdocs/laravel-projects/stem-lms/vendor/laravel/framework/src/Illuminate/Routing/ControllerDispatcher.php(46): App/Http/Controllers/Frontend/LearnController->lesson()
#14 C:/xampp/htdocs/laravel-projects/stem-lms/vendor/laravel/framework/src/Illuminate/Routing/Route.php(265): Illuminate/Routing/ControllerDispatcher->dispatch()
#15 C:/xampp/htdocs/laravel-projects/stem-lms/vendor/laravel/framework/src/Illuminate/Routing/Route.php(211): Illuminate/Routing/Route->runController()
#16 C:/xampp/htdocs/laravel-projects/stem-lms/vendor/laravel/framework/src/Illuminate/Routing/Router.php(822): Illuminate/Routing/Route->run()
#17 C:/xampp/htdocs/laravel-projects/stem-lms/vendor/laravel/framework/src/Illuminate/Pipeline/Pipeline.php(180): Illuminate/Routing/Router->Illuminate/Routing/{closure}()
#18 C:/xampp/htdocs/laravel-projects/stem-lms/app/Http/Middleware/EnsureUserIsNotBlocked.php(23): Illuminate/Pipeline/Pipeline->Illuminate/Pipeline/{closure}()
#19 C:/xampp/htdocs/laravel-projects/stem-lms/vendor/laravel/framework/src/Illuminate/Pipeline/Pipeline.php(219): App/Http/Middleware/EnsureUserIsNotBlocked->handle()
#20 C:/xampp/htdocs/laravel-projects/stem-lms/app/Http/Middleware/SetLocale.php(29): Illuminate/Pipeline/Pipeline->Illuminate/Pipeline/{closure}()
#21 C:/xampp/htdocs/laravel-projects/stem-lms/vendor/laravel/framework/src/Illuminate/Pipeline/Pipeline.php(219): App/Http/Middleware/SetLocale->handle()
#22 C:/xampp/htdocs/laravel-projects/stem-lms/vendor/laravel/framework/src/Illuminate/Routing/Middleware/SubstituteBindings.php(50): Illuminate/Pipeline/Pipeline->Illuminate/Pipeline/{closure}()
#23 C:/xampp/htdocs/laravel-projects/stem-lms/vendor/laravel/framework/src/Illuminate/Pipeline/Pipeline.php(219): Illuminate/Routing/Middleware/SubstituteBindings->handle()
#24 C:/xampp/htdocs/laravel-projects/stem-lms/vendor/laravel/framework/src/Illuminate/Auth/Middleware/Authenticate.php(63): Illuminate/Pipeline/Pipeline->Illuminate/Pipeline/{closure}()
#25 C:/xampp/htdocs/laravel-projects/stem-lms/vendor/laravel/framework/src/Illuminate/Pipeline/Pipeline.php(219): Illuminate/Auth/Middleware/Authenticate->handle()
#26 C:/xampp/htdocs/laravel-projects/stem-lms/vendor/laravel/framework/src/Illuminate/Foundation/Http/Middleware/VerifyCsrfToken.php(87): Illuminate/Pipeline/Pipeline->Illuminate/Pipeline/{closure}()
#27 C:/xampp/htdocs/laravel-projects/stem-lms/vendor/laravel/framework/src/Illuminate/Pipeline/Pipeline.php(219): Illuminate/Foundation/Http/Middleware/VerifyCsrfToken->handle()
#28 C:/xampp/htdocs/laravel-projects/stem-lms/vendor/laravel/framework/src/Illuminate/View/Middleware/ShareErrorsFromSession.php(48): Illuminate/Pipeline/Pipeline->Illuminate/Pipeline/{closure}()
#29 C:/xampp/htdocs/laravel-projects/stem-lms/vendor/laravel/framework/src/Illuminate/Pipeline/Pipeline.php(219): Illuminate/View/Middleware/ShareErrorsFromSession->handle()
#30 C:/xampp/htdocs/laravel-projects/stem-lms/vendor/laravel/framework/src/Illuminate/Session/Middleware/StartSession.php(120): Illuminate/Pipeline/Pipeline->Illuminate/Pipeline/{closure}()
#31 C:/xampp/htdocs/laravel-projects/stem-lms/vendor/laravel/framework/src/Illuminate/Session/Middleware/StartSession.php(63): Illuminate/Session/Middleware/StartSession->handleStatefulRequest()
#32 C:/xampp/htdocs/laravel-projects/stem-lms/vendor/laravel/framework/src/Illuminate/Pipeline/Pipeline.php(219): Illuminate/Session/Middleware/StartSession->handle()
#33 C:/xampp/htdocs/laravel-projects/stem-lms/vendor/laravel/framework/src/Illuminate/Cookie/Middleware/AddQueuedCookiesToResponse.php(36): Illuminate/Pipeline/Pipeline->Illuminate/Pipeline/{closure}()
#34 C:/xampp/htdocs/laravel-projects/stem-lms/vendor/laravel/framework/src/Illuminate/Pipeline/Pipeline.php(219): Illuminate/Cookie/Middleware/AddQueuedCookiesToResponse->handle()
#35 C:/xampp/htdocs/laravel-projects/stem-lms/vendor/laravel/framework/src/Illuminate/Cookie/Middleware/EncryptCookies.php(74): Illuminate/Pipeline/Pipeline->Illuminate/Pipeline/{closure}()
#36 C:/xampp/htdocs/laravel-projects/stem-lms/vendor/laravel/framework/src/Illuminate/Pipeline/Pipeline.php(219): Illuminate/Cookie/Middleware/EncryptCookies->handle()
#37 C:/xampp/htdocs/laravel-projects/stem-lms/vendor/laravel/framework/src/Illuminate/Pipeline/Pipeline.php(137): Illuminate/Pipeline/Pipeline->Illuminate/Pipeline/{closure}()
#38 C:/xampp/htdocs/laravel-projects/stem-lms/vendor/laravel/framework/src/Illuminate/Routing/Router.php(821): Illuminate/Pipeline/Pipeline->then()
#39 C:/xampp/htdocs/laravel-projects/stem-lms/vendor/laravel/framework/src/Illuminate/Routing/Router.php(800): Illuminate/Routing/Router->runRouteWithinStack()
#40 C:/xampp/htdocs/laravel-projects/stem-lms/vendor/laravel/framework/src/Illuminate/Routing/Router.php(764): Illuminate/Routing/Router->runRoute()
#41 C:/xampp/htdocs/laravel-projects/stem-lms/vendor/laravel/framework/src/Illuminate/Routing/Router.php(753): Illuminate/Routing/Router->dispatchToRoute()
#42 C:/xampp/htdocs/laravel-projects/stem-lms/vendor/laravel/framework/src/Illuminate/Foundation/Http/Kernel.php(200): Illuminate/Routing/Router->dispatch()
#43 C:/xampp/htdocs/laravel-projects/stem-lms/vendor/laravel/framework/src/Illuminate/Pipeline/Pipeline.php(180): Illuminate/Foundation/Http/Kernel->Illuminate/Foundation/Http/{closure}()
#44 C:/xampp/htdocs/laravel-projects/stem-lms/vendor/laravel/framework/src/Illuminate/Foundation/Http/Middleware/TransformsRequest.php(21): Illuminate/Pipeline/Pipeline->Illuminate/Pipeline/{closure}()
#45 C:/xampp/htdocs/laravel-projects/stem-lms/vendor/laravel/framework/src/Illuminate/Foundation/Http/Middleware/ConvertEmptyStringsToNull.php(31): Illuminate/Foundation/Http/Middleware/TransformsRequest->handle()
#46 C:/xampp/htdocs/laravel-projects/stem-lms/vendor/laravel/framework/src/Illuminate/Pipeline/Pipeline.php(219): Illuminate/Foundation/Http/Middleware/ConvertEmptyStringsToNull->handle()
#47 C:/xampp/htdocs/laravel-projects/stem-lms/vendor/laravel/framework/src/Illuminate/Foundation/Http/Middleware/TransformsRequest.php(21): Illuminate/Pipeline/Pipeline->Illuminate/Pipeline/{closure}()
#48 C:/xampp/htdocs/laravel-projects/stem-lms/vendor/laravel/framework/src/Illuminate/Foundation/Http/Middleware/TrimStrings.php(51): Illuminate/Foundation/Http/Middleware/TransformsRequest->handle()
#49 C:/xampp/htdocs/laravel-projects/stem-lms/vendor/laravel/framework/src/Illuminate/Pipeline/Pipeline.php(219): Illuminate/Foundation/Http/Middleware/TrimStrings->handle()
#50 C:/xampp/htdocs/laravel-projects/stem-lms/vendor/laravel/framework/src/Illuminate/Http/Middleware/ValidatePostSize.php(27): Illuminate/Pipeline/Pipeline->Illuminate/Pipeline/{closure}()
#51 C:/xampp/htdocs/laravel-projects/stem-lms/vendor/laravel/framework/src/Illuminate/Pipeline/Pipeline.php(219): Illuminate/Http/Middleware/ValidatePostSize->handle()
#52 C:/xampp/htdocs/laravel-projects/stem-lms/vendor/laravel/framework/src/Illuminate/Foundation/Http/Middleware/PreventRequestsDuringMaintenance.php(109): Illuminate/Pipeline/Pipeline->Illuminate/Pipeline/{closure}()
#53 C:/xampp/htdocs/laravel-projects/stem-lms/vendor/laravel/framework/src/Illuminate/Pipeline/Pipeline.php(219): Illuminate/Foundation/Http/Middleware/PreventRequestsDuringMaintenance->handle()
#54 C:/xampp/htdocs/laravel-projects/stem-lms/vendor/laravel/framework/src/Illuminate/Http/Middleware/HandleCors.php(61): Illuminate/Pipeline/Pipeline->Illuminate/Pipeline/{closure}()
#55 C:/xampp/htdocs/laravel-projects/stem-lms/vendor/laravel/framework/src/Illuminate/Pipeline/Pipeline.php(219): Illuminate/Http/Middleware/HandleCors->handle()
#56 C:/xampp/htdocs/laravel-projects/stem-lms/vendor/laravel/framework/src/Illuminate/Http/Middleware/TrustProxies.php(58): Illuminate/Pipeline/Pipeline->Illuminate/Pipeline/{closure}()
#57 C:/xampp/htdocs/laravel-projects/stem-lms/vendor/laravel/framework/src/Illuminate/Pipeline/Pipeline.php(219): Illuminate/Http/Middleware/TrustProxies->handle()
#58 C:/xampp/htdocs/laravel-projects/stem-lms/vendor/laravel/framework/src/Illuminate/Foundation/Http/Middleware/InvokeDeferredCallbacks.php(22): Illuminate/Pipeline/Pipeline->Illuminate/Pipeline/{closure}()
#59 C:/xampp/htdocs/laravel-projects/stem-lms/vendor/laravel/framework/src/Illuminate/Pipeline/Pipeline.php(219): Illuminate/Foundation/Http/Middleware/InvokeDeferredCallbacks->handle()
#60 C:/xampp/htdocs/laravel-projects/stem-lms/vendor/laravel/framework/src/Illuminate/Http/Middleware/ValidatePathEncoding.php(26): Illuminate/Pipeline/Pipeline->Illuminate/Pipeline/{closure}()
#61 C:/xampp/htdocs/laravel-projects/stem-lms/vendor/laravel/framework/src/Illuminate/Pipeline/Pipeline.php(219): Illuminate/Http/Middleware/ValidatePathEncoding->handle()
#62 C:/xampp/htdocs/laravel-projects/stem-lms/vendor/laravel/framework/src/Illuminate/Pipeline/Pipeline.php(137): Illuminate/Pipeline/Pipeline->Illuminate/Pipeline/{closure}()
#63 C:/xampp/htdocs/laravel-projects/stem-lms/vendor/laravel/framework/src/Illuminate/Foundation/Http/Kernel.php(175): Illuminate/Pipeline/Pipeline->then()
#64 C:/xampp/htdocs/laravel-projects/stem-lms/vendor/laravel/framework/src/Illuminate/Foundation/Http/Kernel.php(144): Illuminate/Foundation/Http/Kernel->sendRequestThroughRouter()
#65 C:/xampp/htdocs/laravel-projects/stem-lms/vendor/laravel/framework/src/Illuminate/Foundation/Application.php(1220): Illuminate/Foundation/Http/Kernel->handle()
#66 C:/xampp/htdocs/laravel-projects/stem-lms/public/index.php(17): Illuminate/Foundation/Application->handleRequest()
#67 C:/xampp/htdocs/laravel-projects/stem-lms/vendor/laravel/framework/src/Illuminate/Foundation/resources/server.php(23): require_once('...')
#68 {main}
"} 
[2026-05-31 19:26:34] local.ERROR: SQLSTATE[23000]: Integrity constraint violation: 1052 Column 'course_id' in where clause is ambiguous (Connection: mysql, Host: 127.0.0.1, Port: 3306, Database: stem_lms, SQL: select `lessons`.`id` from `lessons` inner join `lesson_user` on `lessons`.`id` = `lesson_user`.`lesson_id` where `lesson_user`.`user_id` = 1 and `course_id` = 5) {"userId":1,"exception":"[object] (Illuminate\\Database\\QueryException(code: 23000): SQLSTATE[23000]: Integrity constraint violation: 1052 Column 'course_id' in where clause is ambiguous (Connection: mysql, Host: 127.0.0.1, Port: 3306, Database: stem_lms, SQL: select `lessons`.`id` from `lessons` inner join `lesson_user` on `lessons`.`id` = `lesson_user`.`lesson_id` where `lesson_user`.`user_id` = 1 and `course_id` = 5) at C:/xampp/htdocs/laravel-projects/stem-lms/vendor/laravel/framework/src/Illuminate/Database/Connection.php:838)
[stacktrace]
#0 C:/xampp/htdocs/laravel-projects/stem-lms/vendor/laravel/framework/src/Illuminate/Database/Connection.php(794): Illuminate/Database/Connection->runQueryCallback()
#1 C:/xampp/htdocs/laravel-projects/stem-lms/vendor/laravel/framework/src/Illuminate/Database/Connection.php(411): Illuminate/Database/Connection->run()
#2 C:/xampp/htdocs/laravel-projects/stem-lms/vendor/laravel/framework/src/Illuminate/Database/Query/Builder.php(3505): Illuminate/Database/Connection->select()
#3 C:/xampp/htdocs/laravel-projects/stem-lms/vendor/laravel/framework/src/Illuminate/Database/Query/Builder.php(3763): Illuminate/Database/Query/Builder->runSelect()
#4 C:/xampp/htdocs/laravel-projects/stem-lms/vendor/laravel/framework/src/Illuminate/Database/Query/Builder.php(4080): Illuminate/Database/Query/Builder->Illuminate/Database/Query/{closure}()
#5 C:/xampp/htdocs/laravel-projects/stem-lms/vendor/laravel/framework/src/Illuminate/Database/Query/Builder.php(3759): Illuminate/Database/Query/Builder->onceWithColumns()
#6 C:/xampp/htdocs/laravel-projects/stem-lms/vendor/laravel/framework/src/Illuminate/Database/Eloquent/Builder.php(1082): Illuminate/Database/Query/Builder->pluck()
#7 C:/xampp/htdocs/laravel-projects/stem-lms/vendor/laravel/framework/src/Illuminate/Support/Traits/ForwardsCalls.php(23): Illuminate/Database/Eloquent/Builder->pluck()
#8 C:/xampp/htdocs/laravel-projects/stem-lms/vendor/laravel/framework/src/Illuminate/Support/Traits/ForwardsCalls.php(52): Illuminate/Database/Eloquent/Relations/Relation->forwardCallTo()
#9 C:/xampp/htdocs/laravel-projects/stem-lms/vendor/laravel/framework/src/Illuminate/Database/Eloquent/Relations/Relation.php(538): Illuminate/Database/Eloquent/Relations/Relation->forwardDecoratedCallTo()
#10 C:/xampp/htdocs/laravel-projects/stem-lms/app/Http/Controllers/Frontend/LearnController.php(59): Illuminate/Database/Eloquent/Relations/Relation->__call()
#11 C:/xampp/htdocs/laravel-projects/stem-lms/vendor/laravel/framework/src/Illuminate/Routing/ControllerDispatcher.php(46): App/Http/Controllers/Frontend/LearnController->lesson()
#12 C:/xampp/htdocs/laravel-projects/stem-lms/vendor/laravel/framework/src/Illuminate/Routing/Route.php(265): Illuminate/Routing/ControllerDispatcher->dispatch()
#13 C:/xampp/htdocs/laravel-projects/stem-lms/vendor/laravel/framework/src/Illuminate/Routing/Route.php(211): Illuminate/Routing/Route->runController()
#14 C:/xampp/htdocs/laravel-projects/stem-lms/vendor/laravel/framework/src/Illuminate/Routing/Router.php(822): Illuminate/Routing/Route->run()
#15 C:/xampp/htdocs/laravel-projects/stem-lms/vendor/laravel/framework/src/Illuminate/Pipeline/Pipeline.php(180): Illuminate/Routing/Router->Illuminate/Routing/{closure}()
#16 C:/xampp/htdocs/laravel-projects/stem-lms/app/Http/Middleware/EnsureUserIsNotBlocked.php(23): Illuminate/Pipeline/Pipeline->Illuminate/Pipeline/{closure}()
#17 C:/xampp/htdocs/laravel-projects/stem-lms/vendor/laravel/framework/src/Illuminate/Pipeline/Pipeline.php(219): App/Http/Middleware/EnsureUserIsNotBlocked->handle()
#18 C:/xampp/htdocs/laravel-projects/stem-lms/app/Http/Middleware/SetLocale.php(29): Illuminate/Pipeline/Pipeline->Illuminate/Pipeline/{closure}()
#19 C:/xampp/htdocs/laravel-projects/stem-lms/vendor/laravel/framework/src/Illuminate/Pipeline/Pipeline.php(219): App/Http/Middleware/SetLocale->handle()
#20 C:/xampp/htdocs/laravel-projects/stem-lms/vendor/laravel/framework/src/Illuminate/Routing/Middleware/SubstituteBindings.php(50): Illuminate/Pipeline/Pipeline->Illuminate/Pipeline/{closure}()
#21 C:/xampp/htdocs/laravel-projects/stem-lms/vendor/laravel/framework/src/Illuminate/Pipeline/Pipeline.php(219): Illuminate/Routing/Middleware/SubstituteBindings->handle()
#22 C:/xampp/htdocs/laravel-projects/stem-lms/vendor/laravel/framework/src/Illuminate/Auth/Middleware/Authenticate.php(63): Illuminate/Pipeline/Pipeline->Illuminate/Pipeline/{closure}()
#23 C:/xampp/htdocs/laravel-projects/stem-lms/vendor/laravel/framework/src/Illuminate/Pipeline/Pipeline.php(219): Illuminate/Auth/Middleware/Authenticate->handle()
#24 C:/xampp/htdocs/laravel-projects/stem-lms/vendor/laravel/framework/src/Illuminate/Foundation/Http/Middleware/VerifyCsrfToken.php(87): Illuminate/Pipeline/Pipeline->Illuminate/Pipeline/{closure}()
#25 C:/xampp/htdocs/laravel-projects/stem-lms/vendor/laravel/framework/src/Illuminate/Pipeline/Pipeline.php(219): Illuminate/Foundation/Http/Middleware/VerifyCsrfToken->handle()
#26 C:/xampp/htdocs/laravel-projects/stem-lms/vendor/laravel/framework/src/Illuminate/View/Middleware/ShareErrorsFromSession.php(48): Illuminate/Pipeline/Pipeline->Illuminate/Pipeline/{closure}()
#27 C:/xampp/htdocs/laravel-projects/stem-lms/vendor/laravel/framework/src/Illuminate/Pipeline/Pipeline.php(219): Illuminate/View/Middleware/ShareErrorsFromSession->handle()
#28 C:/xampp/htdocs/laravel-projects/stem-lms/vendor/laravel/framework/src/Illuminate/Session/Middleware/StartSession.php(120): Illuminate/Pipeline/Pipeline->Illuminate/Pipeline/{closure}()
#29 C:/xampp/htdocs/laravel-projects/stem-lms/vendor/laravel/framework/src/Illuminate/Session/Middleware/StartSession.php(63): Illuminate/Session/Middleware/StartSession->handleStatefulRequest()
#30 C:/xampp/htdocs/laravel-projects/stem-lms/vendor/laravel/framework/src/Illuminate/Pipeline/Pipeline.php(219): Illuminate/Session/Middleware/StartSession->handle()
#31 C:/xampp/htdocs/laravel-projects/stem-lms/vendor/laravel/framework/src/Illuminate/Cookie/Middleware/AddQueuedCookiesToResponse.php(36): Illuminate/Pipeline/Pipeline->Illuminate/Pipeline/{closure}()
#32 C:/xampp/htdocs/laravel-projects/stem-lms/vendor/laravel/framework/src/Illuminate/Pipeline/Pipeline.php(219): Illuminate/Cookie/Middleware/AddQueuedCookiesToResponse->handle()
#33 C:/xampp/htdocs/laravel-projects/stem-lms/vendor/laravel/framework/src/Illuminate/Cookie/Middleware/EncryptCookies.php(74): Illuminate/Pipeline/Pipeline->Illuminate/Pipeline/{closure}()
#34 C:/xampp/htdocs/laravel-projects/stem-lms/vendor/laravel/framework/src/Illuminate/Pipeline/Pipeline.php(219): Illuminate/Cookie/Middleware/EncryptCookies->handle()
#35 C:/xampp/htdocs/laravel-projects/stem-lms/vendor/laravel/framework/src/Illuminate/Pipeline/Pipeline.php(137): Illuminate/Pipeline/Pipeline->Illuminate/Pipeline/{closure}()
#36 C:/xampp/htdocs/laravel-projects/stem-lms/vendor/laravel/framework/src/Illuminate/Routing/Router.php(821): Illuminate/Pipeline/Pipeline->then()
#37 C:/xampp/htdocs/laravel-projects/stem-lms/vendor/laravel/framework/src/Illuminate/Routing/Router.php(800): Illuminate/Routing/Router->runRouteWithinStack()
#38 C:/xampp/htdocs/laravel-projects/stem-lms/vendor/laravel/framework/src/Illuminate/Routing/Router.php(764): Illuminate/Routing/Router->runRoute()
#39 C:/xampp/htdocs/laravel-projects/stem-lms/vendor/laravel/framework/src/Illuminate/Routing/Router.php(753): Illuminate/Routing/Router->dispatchToRoute()
#40 C:/xampp/htdocs/laravel-projects/stem-lms/vendor/laravel/framework/src/Illuminate/Foundation/Http/Kernel.php(200): Illuminate/Routing/Router->dispatch()
#41 C:/xampp/htdocs/laravel-projects/stem-lms/vendor/laravel/framework/src/Illuminate/Pipeline/Pipeline.php(180): Illuminate/Foundation/Http/Kernel->Illuminate/Foundation/Http/{closure}()
#42 C:/xampp/htdocs/laravel-projects/stem-lms/vendor/laravel/framework/src/Illuminate/Foundation/Http/Middleware/TransformsRequest.php(21): Illuminate/Pipeline/Pipeline->Illuminate/Pipeline/{closure}()
#43 C:/xampp/htdocs/laravel-projects/stem-lms/vendor/laravel/framework/src/Illuminate/Foundation/Http/Middleware/ConvertEmptyStringsToNull.php(31): Illuminate/Foundation/Http/Middleware/TransformsRequest->handle()
#44 C:/xampp/htdocs/laravel-projects/stem-lms/vendor/laravel/framework/src/Illuminate/Pipeline/Pipeline.php(219): Illuminate/Foundation/Http/Middleware/ConvertEmptyStringsToNull->handle()
#45 C:/xampp/htdocs/laravel-projects/stem-lms/vendor/laravel/framework/src/Illuminate/Foundation/Http/Middleware/TransformsRequest.php(21): Illuminate/Pipeline/Pipeline->Illuminate/Pipeline/{closure}()
#46 C:/xampp/htdocs/laravel-projects/stem-lms/vendor/laravel/framework/src/Illuminate/Foundation/Http/Middleware/TrimStrings.php(51): Illuminate/Foundation/Http/Middleware/TransformsRequest->handle()
#47 C:/xampp/htdocs/laravel-projects/stem-lms/vendor/laravel/framework/src/Illuminate/Pipeline/Pipeline.php(219): Illuminate/Foundation/Http/Middleware/TrimStrings->handle()
#48 C:/xampp/htdocs/laravel-projects/stem-lms/vendor/laravel/framework/src/Illuminate/Http/Middleware/ValidatePostSize.php(27): Illuminate/Pipeline/Pipeline->Illuminate/Pipeline/{closure}()
#49 C:/xampp/htdocs/laravel-projects/stem-lms/vendor/laravel/framework/src/Illuminate/Pipeline/Pipeline.php(219): Illuminate/Http/Middleware/ValidatePostSize->handle()
#50 C:/xampp/htdocs/laravel-projects/stem-lms/vendor/laravel/framework/src/Illuminate/Foundation/Http/Middleware/PreventRequestsDuringMaintenance.php(109): Illuminate/Pipeline/Pipeline->Illuminate/Pipeline/{closure}()
#51 C:/xampp/htdocs/laravel-projects/stem-lms/vendor/laravel/framework/src/Illuminate/Pipeline/Pipeline.php(219): Illuminate/Foundation/Http/Middleware/PreventRequestsDuringMaintenance->handle()
#52 C:/xampp/htdocs/laravel-projects/stem-lms/vendor/laravel/framework/src/Illuminate/Http/Middleware/HandleCors.php(61): Illuminate/Pipeline/Pipeline->Illuminate/Pipeline/{closure}()
#53 C:/xampp/htdocs/laravel-projects/stem-lms/vendor/laravel/framework/src/Illuminate/Pipeline/Pipeline.php(219): Illuminate/Http/Middleware/HandleCors->handle()
#54 C:/xampp/htdocs/laravel-projects/stem-lms/vendor/laravel/framework/src/Illuminate/Http/Middleware/TrustProxies.php(58): Illuminate/Pipeline/Pipeline->Illuminate/Pipeline/{closure}()
#55 C:/xampp/htdocs/laravel-projects/stem-lms/vendor/laravel/framework/src/Illuminate/Pipeline/Pipeline.php(219): Illuminate/Http/Middleware/TrustProxies->handle()
#56 C:/xampp/htdocs/laravel-projects/stem-lms/vendor/laravel/framework/src/Illuminate/Foundation/Http/Middleware/InvokeDeferredCallbacks.php(22): Illuminate/Pipeline/Pipeline->Illuminate/Pipeline/{closure}()
#57 C:/xampp/htdocs/laravel-projects/stem-lms/vendor/laravel/framework/src/Illuminate/Pipeline/Pipeline.php(219): Illuminate/Foundation/Http/Middleware/InvokeDeferredCallbacks->handle()
#58 C:/xampp/htdocs/laravel-projects/stem-lms/vendor/laravel/framework/src/Illuminate/Http/Middleware/ValidatePathEncoding.php(26): Illuminate/Pipeline/Pipeline->Illuminate/Pipeline/{closure}()
#59 C:/xampp/htdocs/laravel-projects/stem-lms/vendor/laravel/framework/src/Illuminate/Pipeline/Pipeline.php(219): Illuminate/Http/Middleware/ValidatePathEncoding->handle()
#60 C:/xampp/htdocs/laravel-projects/stem-lms/vendor/laravel/framework/src/Illuminate/Pipeline/Pipeline.php(137): Illuminate/Pipeline/Pipeline->Illuminate/Pipeline/{closure}()
#61 C:/xampp/htdocs/laravel-projects/stem-lms/vendor/laravel/framework/src/Illuminate/Foundation/Http/Kernel.php(175): Illuminate/Pipeline/Pipeline->then()
#62 C:/xampp/htdocs/laravel-projects/stem-lms/vendor/laravel/framework/src/Illuminate/Foundation/Http/Kernel.php(144): Illuminate/Foundation/Http/Kernel->sendRequestThroughRouter()
#63 C:/xampp/htdocs/laravel-projects/stem-lms/vendor/laravel/framework/src/Illuminate/Foundation/Application.php(1220): Illuminate/Foundation/Http/Kernel->handle()
#64 C:/xampp/htdocs/laravel-projects/stem-lms/public/index.php(17): Illuminate/Foundation/Application->handleRequest()
#65 C:/xampp/htdocs/laravel-projects/stem-lms/vendor/laravel/framework/src/Illuminate/Foundation/resources/server.php(23): require_once('...')
#66 {main}

[previous exception] [object] (PDOException(code: 23000): SQLSTATE[23000]: Integrity constraint violation: 1052 Column 'course_id' in where clause is ambiguous at C:/xampp/htdocs/laravel-projects/stem-lms/vendor/laravel/framework/src/Illuminate/Database/Connection.php:420)
[stacktrace]
#0 C:/xampp/htdocs/laravel-projects/stem-lms/vendor/laravel/framework/src/Illuminate/Database/Connection.php(420): PDO->prepare()
#1 C:/xampp/htdocs/laravel-projects/stem-lms/vendor/laravel/framework/src/Illuminate/Database/Connection.php(827): Illuminate/Database/Connection->Illuminate/Database/{closure}()
#2 C:/xampp/htdocs/laravel-projects/stem-lms/vendor/laravel/framework/src/Illuminate/Database/Connection.php(794): Illuminate/Database/Connection->runQueryCallback()
#3 C:/xampp/htdocs/laravel-projects/stem-lms/vendor/laravel/framework/src/Illuminate/Database/Connection.php(411): Illuminate/Database/Connection->run()
#4 C:/xampp/htdocs/laravel-projects/stem-lms/vendor/laravel/framework/src/Illuminate/Database/Query/Builder.php(3505): Illuminate/Database/Connection->select()
#5 C:/xampp/htdocs/laravel-projects/stem-lms/vendor/laravel/framework/src/Illuminate/Database/Query/Builder.php(3763): Illuminate/Database/Query/Builder->runSelect()
#6 C:/xampp/htdocs/laravel-projects/stem-lms/vendor/laravel/framework/src/Illuminate/Database/Query/Builder.php(4080): Illuminate/Database/Query/Builder->Illuminate/Database/Query/{closure}()
#7 C:/xampp/htdocs/laravel-projects/stem-lms/vendor/laravel/framework/src/Illuminate/Database/Query/Builder.php(3759): Illuminate/Database/Query/Builder->onceWithColumns()
#8 C:/xampp/htdocs/laravel-projects/stem-lms/vendor/laravel/framework/src/Illuminate/Database/Eloquent/Builder.php(1082): Illuminate/Database/Query/Builder->pluck()
#9 C:/xampp/htdocs/laravel-projects/stem-lms/vendor/laravel/framework/src/Illuminate/Support/Traits/ForwardsCalls.php(23): Illuminate/Database/Eloquent/Builder->pluck()
#10 C:/xampp/htdocs/laravel-projects/stem-lms/vendor/laravel/framework/src/Illuminate/Support/Traits/ForwardsCalls.php(52): Illuminate/Database/Eloquent/Relations/Relation->forwardCallTo()
#11 C:/xampp/htdocs/laravel-projects/stem-lms/vendor/laravel/framework/src/Illuminate/Database/Eloquent/Relations/Relation.php(538): Illuminate/Database/Eloquent/Relations/Relation->forwardDecoratedCallTo()
#12 C:/xampp/htdocs/laravel-projects/stem-lms/app/Http/Controllers/Frontend/LearnController.php(59): Illuminate/Database/Eloquent/Relations/Relation->__call()
#13 C:/xampp/htdocs/laravel-projects/stem-lms/vendor/laravel/framework/src/Illuminate/Routing/ControllerDispatcher.php(46): App/Http/Controllers/Frontend/LearnController->lesson()
#14 C:/xampp/htdocs/laravel-projects/stem-lms/vendor/laravel/framework/src/Illuminate/Routing/Route.php(265): Illuminate/Routing/ControllerDispatcher->dispatch()
#15 C:/xampp/htdocs/laravel-projects/stem-lms/vendor/laravel/framework/src/Illuminate/Routing/Route.php(211): Illuminate/Routing/Route->runController()
#16 C:/xampp/htdocs/laravel-projects/stem-lms/vendor/laravel/framework/src/Illuminate/Routing/Router.php(822): Illuminate/Routing/Route->run()
#17 C:/xampp/htdocs/laravel-projects/stem-lms/vendor/laravel/framework/src/Illuminate/Pipeline/Pipeline.php(180): Illuminate/Routing/Router->Illuminate/Routing/{closure}()
#18 C:/xampp/htdocs/laravel-projects/stem-lms/app/Http/Middleware/EnsureUserIsNotBlocked.php(23): Illuminate/Pipeline/Pipeline->Illuminate/Pipeline/{closure}()
#19 C:/xampp/htdocs/laravel-projects/stem-lms/vendor/laravel/framework/src/Illuminate/Pipeline/Pipeline.php(219): App/Http/Middleware/EnsureUserIsNotBlocked->handle()
#20 C:/xampp/htdocs/laravel-projects/stem-lms/app/Http/Middleware/SetLocale.php(29): Illuminate/Pipeline/Pipeline->Illuminate/Pipeline/{closure}()
#21 C:/xampp/htdocs/laravel-projects/stem-lms/vendor/laravel/framework/src/Illuminate/Pipeline/Pipeline.php(219): App/Http/Middleware/SetLocale->handle()
#22 C:/xampp/htdocs/laravel-projects/stem-lms/vendor/laravel/framework/src/Illuminate/Routing/Middleware/SubstituteBindings.php(50): Illuminate/Pipeline/Pipeline->Illuminate/Pipeline/{closure}()
#23 C:/xampp/htdocs/laravel-projects/stem-lms/vendor/laravel/framework/src/Illuminate/Pipeline/Pipeline.php(219): Illuminate/Routing/Middleware/SubstituteBindings->handle()
#24 C:/xampp/htdocs/laravel-projects/stem-lms/vendor/laravel/framework/src/Illuminate/Auth/Middleware/Authenticate.php(63): Illuminate/Pipeline/Pipeline->Illuminate/Pipeline/{closure}()
#25 C:/xampp/htdocs/laravel-projects/stem-lms/vendor/laravel/framework/src/Illuminate/Pipeline/Pipeline.php(219): Illuminate/Auth/Middleware/Authenticate->handle()
#26 C:/xampp/htdocs/laravel-projects/stem-lms/vendor/laravel/framework/src/Illuminate/Foundation/Http/Middleware/VerifyCsrfToken.php(87): Illuminate/Pipeline/Pipeline->Illuminate/Pipeline/{closure}()
#27 C:/xampp/htdocs/laravel-projects/stem-lms/vendor/laravel/framework/src/Illuminate/Pipeline/Pipeline.php(219): Illuminate/Foundation/Http/Middleware/VerifyCsrfToken->handle()
#28 C:/xampp/htdocs/laravel-projects/stem-lms/vendor/laravel/framework/src/Illuminate/View/Middleware/ShareErrorsFromSession.php(48): Illuminate/Pipeline/Pipeline->Illuminate/Pipeline/{closure}()
#29 C:/xampp/htdocs/laravel-projects/stem-lms/vendor/laravel/framework/src/Illuminate/Pipeline/Pipeline.php(219): Illuminate/View/Middleware/ShareErrorsFromSession->handle()
#30 C:/xampp/htdocs/laravel-projects/stem-lms/vendor/laravel/framework/src/Illuminate/Session/Middleware/StartSession.php(120): Illuminate/Pipeline/Pipeline->Illuminate/Pipeline/{closure}()
#31 C:/xampp/htdocs/laravel-projects/stem-lms/vendor/laravel/framework/src/Illuminate/Session/Middleware/StartSession.php(63): Illuminate/Session/Middleware/StartSession->handleStatefulRequest()
#32 C:/xampp/htdocs/laravel-projects/stem-lms/vendor/laravel/framework/src/Illuminate/Pipeline/Pipeline.php(219): Illuminate/Session/Middleware/StartSession->handle()
#33 C:/xampp/htdocs/laravel-projects/stem-lms/vendor/laravel/framework/src/Illuminate/Cookie/Middleware/AddQueuedCookiesToResponse.php(36): Illuminate/Pipeline/Pipeline->Illuminate/Pipeline/{closure}()
#34 C:/xampp/htdocs/laravel-projects/stem-lms/vendor/laravel/framework/src/Illuminate/Pipeline/Pipeline.php(219): Illuminate/Cookie/Middleware/AddQueuedCookiesToResponse->handle()
#35 C:/xampp/htdocs/laravel-projects/stem-lms/vendor/laravel/framework/src/Illuminate/Cookie/Middleware/EncryptCookies.php(74): Illuminate/Pipeline/Pipeline->Illuminate/Pipeline/{closure}()
#36 C:/xampp/htdocs/laravel-projects/stem-lms/vendor/laravel/framework/src/Illuminate/Pipeline/Pipeline.php(219): Illuminate/Cookie/Middleware/EncryptCookies->handle()
#37 C:/xampp/htdocs/laravel-projects/stem-lms/vendor/laravel/framework/src/Illuminate/Pipeline/Pipeline.php(137): Illuminate/Pipeline/Pipeline->Illuminate/Pipeline/{closure}()
#38 C:/xampp/htdocs/laravel-projects/stem-lms/vendor/laravel/framework/src/Illuminate/Routing/Router.php(821): Illuminate/Pipeline/Pipeline->then()
#39 C:/xampp/htdocs/laravel-projects/stem-lms/vendor/laravel/framework/src/Illuminate/Routing/Router.php(800): Illuminate/Routing/Router->runRouteWithinStack()
#40 C:/xampp/htdocs/laravel-projects/stem-lms/vendor/laravel/framework/src/Illuminate/Routing/Router.php(764): Illuminate/Routing/Router->runRoute()
#41 C:/xampp/htdocs/laravel-projects/stem-lms/vendor/laravel/framework/src/Illuminate/Routing/Router.php(753): Illuminate/Routing/Router->dispatchToRoute()
#42 C:/xampp/htdocs/laravel-projects/stem-lms/vendor/laravel/framework/src/Illuminate/Foundation/Http/Kernel.php(200): Illuminate/Routing/Router->dispatch()
#43 C:/xampp/htdocs/laravel-projects/stem-lms/vendor/laravel/framework/src/Illuminate/Pipeline/Pipeline.php(180): Illuminate/Foundation/Http/Kernel->Illuminate/Foundation/Http/{closure}()
#44 C:/xampp/htdocs/laravel-projects/stem-lms/vendor/laravel/framework/src/Illuminate/Foundation/Http/Middleware/TransformsRequest.php(21): Illuminate/Pipeline/Pipeline->Illuminate/Pipeline/{closure}()
#45 C:/xampp/htdocs/laravel-projects/stem-lms/vendor/laravel/framework/src/Illuminate/Foundation/Http/Middleware/ConvertEmptyStringsToNull.php(31): Illuminate/Foundation/Http/Middleware/TransformsRequest->handle()
#46 C:/xampp/htdocs/laravel-projects/stem-lms/vendor/laravel/framework/src/Illuminate/Pipeline/Pipeline.php(219): Illuminate/Foundation/Http/Middleware/ConvertEmptyStringsToNull->handle()
#47 C:/xampp/htdocs/laravel-projects/stem-lms/vendor/laravel/framework/src/Illuminate/Foundation/Http/Middleware/TransformsRequest.php(21): Illuminate/Pipeline/Pipeline->Illuminate/Pipeline/{closure}()
#48 C:/xampp/htdocs/laravel-projects/stem-lms/vendor/laravel/framework/src/Illuminate/Foundation/Http/Middleware/TrimStrings.php(51): Illuminate/Foundation/Http/Middleware/TransformsRequest->handle()
#49 C:/xampp/htdocs/laravel-projects/stem-lms/vendor/laravel/framework/src/Illuminate/Pipeline/Pipeline.php(219): Illuminate/Foundation/Http/Middleware/TrimStrings->handle()
#50 C:/xampp/htdocs/laravel-projects/stem-lms/vendor/laravel/framework/src/Illuminate/Http/Middleware/ValidatePostSize.php(27): Illuminate/Pipeline/Pipeline->Illuminate/Pipeline/{closure}()
#51 C:/xampp/htdocs/laravel-projects/stem-lms/vendor/laravel/framework/src/Illuminate/Pipeline/Pipeline.php(219): Illuminate/Http/Middleware/ValidatePostSize->handle()
#52 C:/xampp/htdocs/laravel-projects/stem-lms/vendor/laravel/framework/src/Illuminate/Foundation/Http/Middleware/PreventRequestsDuringMaintenance.php(109): Illuminate/Pipeline/Pipeline->Illuminate/Pipeline/{closure}()
#53 C:/xampp/htdocs/laravel-projects/stem-lms/vendor/laravel/framework/src/Illuminate/Pipeline/Pipeline.php(219): Illuminate/Foundation/Http/Middleware/PreventRequestsDuringMaintenance->handle()
#54 C:/xampp/htdocs/laravel-projects/stem-lms/vendor/laravel/framework/src/Illuminate/Http/Middleware/HandleCors.php(61): Illuminate/Pipeline/Pipeline->Illuminate/Pipeline/{closure}()
#55 C:/xampp/htdocs/laravel-projects/stem-lms/vendor/laravel/framework/src/Illuminate/Pipeline/Pipeline.php(219): Illuminate/Http/Middleware/HandleCors->handle()
#56 C:/xampp/htdocs/laravel-projects/stem-lms/vendor/laravel/framework/src/Illuminate/Http/Middleware/TrustProxies.php(58): Illuminate/Pipeline/Pipeline->Illuminate/Pipeline/{closure}()
#57 C:/xampp/htdocs/laravel-projects/stem-lms/vendor/laravel/framework/src/Illuminate/Pipeline/Pipeline.php(219): Illuminate/Http/Middleware/TrustProxies->handle()
#58 C:/xampp/htdocs/laravel-projects/stem-lms/vendor/laravel/framework/src/Illuminate/Foundation/Http/Middleware/InvokeDeferredCallbacks.php(22): Illuminate/Pipeline/Pipeline->Illuminate/Pipeline/{closure}()
#59 C:/xampp/htdocs/laravel-projects/stem-lms/vendor/laravel/framework/src/Illuminate/Pipeline/Pipeline.php(219): Illuminate/Foundation/Http/Middleware/InvokeDeferredCallbacks->handle()
#60 C:/xampp/htdocs/laravel-projects/stem-lms/vendor/laravel/framework/src/Illuminate/Http/Middleware/ValidatePathEncoding.php(26): Illuminate/Pipeline/Pipeline->Illuminate/Pipeline/{closure}()
#61 C:/xampp/htdocs/laravel-projects/stem-lms/vendor/laravel/framework/src/Illuminate/Pipeline/Pipeline.php(219): Illuminate/Http/Middleware/ValidatePathEncoding->handle()
#62 C:/xampp/htdocs/laravel-projects/stem-lms/vendor/laravel/framework/src/Illuminate/Pipeline/Pipeline.php(137): Illuminate/Pipeline/Pipeline->Illuminate/Pipeline/{closure}()
#63 C:/xampp/htdocs/laravel-projects/stem-lms/vendor/laravel/framework/src/Illuminate/Foundation/Http/Kernel.php(175): Illuminate/Pipeline/Pipeline->then()
#64 C:/xampp/htdocs/laravel-projects/stem-lms/vendor/laravel/framework/src/Illuminate/Foundation/Http/Kernel.php(144): Illuminate/Foundation/Http/Kernel->sendRequestThroughRouter()
#65 C:/xampp/htdocs/laravel-projects/stem-lms/vendor/laravel/framework/src/Illuminate/Foundation/Application.php(1220): Illuminate/Foundation/Http/Kernel->handle()
#66 C:/xampp/htdocs/laravel-projects/stem-lms/public/index.php(17): Illuminate/Foundation/Application->handleRequest()
#67 C:/xampp/htdocs/laravel-projects/stem-lms/vendor/laravel/framework/src/Illuminate/Foundation/resources/server.php(23): require_once('...')
#68 {main}
"} 
[2026-05-31 19:26:55] local.ERROR: SQLSTATE[23000]: Integrity constraint violation: 1052 Column 'course_id' in where clause is ambiguous (Connection: mysql, Host: 127.0.0.1, Port: 3306, Database: stem_lms, SQL: select `lessons`.`id` from `lessons` inner join `lesson_user` on `lessons`.`id` = `lesson_user`.`lesson_id` where `lesson_user`.`user_id` = 1 and `course_id` = 5) {"userId":1,"exception":"[object] (Illuminate\\Database\\QueryException(code: 23000): SQLSTATE[23000]: Integrity constraint violation: 1052 Column 'course_id' in where clause is ambiguous (Connection: mysql, Host: 127.0.0.1, Port: 3306, Database: stem_lms, SQL: select `lessons`.`id` from `lessons` inner join `lesson_user` on `lessons`.`id` = `lesson_user`.`lesson_id` where `lesson_user`.`user_id` = 1 and `course_id` = 5) at C:/xampp/htdocs/laravel-projects/stem-lms/vendor/laravel/framework/src/Illuminate/Database/Connection.php:838)
[stacktrace]
#0 C:/xampp/htdocs/laravel-projects/stem-lms/vendor/laravel/framework/src/Illuminate/Database/Connection.php(794): Illuminate/Database/Connection->runQueryCallback()
#1 C:/xampp/htdocs/laravel-projects/stem-lms/vendor/laravel/framework/src/Illuminate/Database/Connection.php(411): Illuminate/Database/Connection->run()
#2 C:/xampp/htdocs/laravel-projects/stem-lms/vendor/laravel/framework/src/Illuminate/Database/Query/Builder.php(3505): Illuminate/Database/Connection->select()
#3 C:/xampp/htdocs/laravel-projects/stem-lms/vendor/laravel/framework/src/Illuminate/Database/Query/Builder.php(3763): Illuminate/Database/Query/Builder->runSelect()
#4 C:/xampp/htdocs/laravel-projects/stem-lms/vendor/laravel/framework/src/Illuminate/Database/Query/Builder.php(4080): Illuminate/Database/Query/Builder->Illuminate/Database/Query/{closure}()
#5 C:/xampp/htdocs/laravel-projects/stem-lms/vendor/laravel/framework/src/Illuminate/Database/Query/Builder.php(3759): Illuminate/Database/Query/Builder->onceWithColumns()
#6 C:/xampp/htdocs/laravel-projects/stem-lms/vendor/laravel/framework/src/Illuminate/Database/Eloquent/Builder.php(1082): Illuminate/Database/Query/Builder->pluck()
#7 C:/xampp/htdocs/laravel-projects/stem-lms/vendor/laravel/framework/src/Illuminate/Support/Traits/ForwardsCalls.php(23): Illuminate/Database/Eloquent/Builder->pluck()
#8 C:/xampp/htdocs/laravel-projects/stem-lms/vendor/laravel/framework/src/Illuminate/Support/Traits/ForwardsCalls.php(52): Illuminate/Database/Eloquent/Relations/Relation->forwardCallTo()
#9 C:/xampp/htdocs/laravel-projects/stem-lms/vendor/laravel/framework/src/Illuminate/Database/Eloquent/Relations/Relation.php(538): Illuminate/Database/Eloquent/Relations/Relation->forwardDecoratedCallTo()
#10 C:/xampp/htdocs/laravel-projects/stem-lms/app/Http/Controllers/Frontend/LearnController.php(59): Illuminate/Database/Eloquent/Relations/Relation->__call()
#11 C:/xampp/htdocs/laravel-projects/stem-lms/vendor/laravel/framework/src/Illuminate/Routing/ControllerDispatcher.php(46): App/Http/Controllers/Frontend/LearnController->lesson()
#12 C:/xampp/htdocs/laravel-projects/stem-lms/vendor/laravel/framework/src/Illuminate/Routing/Route.php(265): Illuminate/Routing/ControllerDispatcher->dispatch()
#13 C:/xampp/htdocs/laravel-projects/stem-lms/vendor/laravel/framework/src/Illuminate/Routing/Route.php(211): Illuminate/Routing/Route->runController()
#14 C:/xampp/htdocs/laravel-projects/stem-lms/vendor/laravel/framework/src/Illuminate/Routing/Router.php(822): Illuminate/Routing/Route->run()
#15 C:/xampp/htdocs/laravel-projects/stem-lms/vendor/laravel/framework/src/Illuminate/Pipeline/Pipeline.php(180): Illuminate/Routing/Router->Illuminate/Routing/{closure}()
#16 C:/xampp/htdocs/laravel-projects/stem-lms/app/Http/Middleware/EnsureUserIsNotBlocked.php(23): Illuminate/Pipeline/Pipeline->Illuminate/Pipeline/{closure}()
#17 C:/xampp/htdocs/laravel-projects/stem-lms/vendor/laravel/framework/src/Illuminate/Pipeline/Pipeline.php(219): App/Http/Middleware/EnsureUserIsNotBlocked->handle()
#18 C:/xampp/htdocs/laravel-projects/stem-lms/app/Http/Middleware/SetLocale.php(29): Illuminate/Pipeline/Pipeline->Illuminate/Pipeline/{closure}()
#19 C:/xampp/htdocs/laravel-projects/stem-lms/vendor/laravel/framework/src/Illuminate/Pipeline/Pipeline.php(219): App/Http/Middleware/SetLocale->handle()
#20 C:/xampp/htdocs/laravel-projects/stem-lms/vendor/laravel/framework/src/Illuminate/Routing/Middleware/SubstituteBindings.php(50): Illuminate/Pipeline/Pipeline->Illuminate/Pipeline/{closure}()
#21 C:/xampp/htdocs/laravel-projects/stem-lms/vendor/laravel/framework/src/Illuminate/Pipeline/Pipeline.php(219): Illuminate/Routing/Middleware/SubstituteBindings->handle()
#22 C:/xampp/htdocs/laravel-projects/stem-lms/vendor/laravel/framework/src/Illuminate/Auth/Middleware/Authenticate.php(63): Illuminate/Pipeline/Pipeline->Illuminate/Pipeline/{closure}()
#23 C:/xampp/htdocs/laravel-projects/stem-lms/vendor/laravel/framework/src/Illuminate/Pipeline/Pipeline.php(219): Illuminate/Auth/Middleware/Authenticate->handle()
#24 C:/xampp/htdocs/laravel-projects/stem-lms/vendor/laravel/framework/src/Illuminate/Foundation/Http/Middleware/VerifyCsrfToken.php(87): Illuminate/Pipeline/Pipeline->Illuminate/Pipeline/{closure}()
#25 C:/xampp/htdocs/laravel-projects/stem-lms/vendor/laravel/framework/src/Illuminate/Pipeline/Pipeline.php(219): Illuminate/Foundation/Http/Middleware/VerifyCsrfToken->handle()
#26 C:/xampp/htdocs/laravel-projects/stem-lms/vendor/laravel/framework/src/Illuminate/View/Middleware/ShareErrorsFromSession.php(48): Illuminate/Pipeline/Pipeline->Illuminate/Pipeline/{closure}()
#27 C:/xampp/htdocs/laravel-projects/stem-lms/vendor/laravel/framework/src/Illuminate/Pipeline/Pipeline.php(219): Illuminate/View/Middleware/ShareErrorsFromSession->handle()
#28 C:/xampp/htdocs/laravel-projects/stem-lms/vendor/laravel/framework/src/Illuminate/Session/Middleware/StartSession.php(120): Illuminate/Pipeline/Pipeline->Illuminate/Pipeline/{closure}()
#29 C:/xampp/htdocs/laravel-projects/stem-lms/vendor/laravel/framework/src/Illuminate/Session/Middleware/StartSession.php(63): Illuminate/Session/Middleware/StartSession->handleStatefulRequest()
#30 C:/xampp/htdocs/laravel-projects/stem-lms/vendor/laravel/framework/src/Illuminate/Pipeline/Pipeline.php(219): Illuminate/Session/Middleware/StartSession->handle()
#31 C:/xampp/htdocs/laravel-projects/stem-lms/vendor/laravel/framework/src/Illuminate/Cookie/Middleware/AddQueuedCookiesToResponse.php(36): Illuminate/Pipeline/Pipeline->Illuminate/Pipeline/{closure}()
#32 C:/xampp/htdocs/laravel-projects/stem-lms/vendor/laravel/framework/src/Illuminate/Pipeline/Pipeline.php(219): Illuminate/Cookie/Middleware/AddQueuedCookiesToResponse->handle()
#33 C:/xampp/htdocs/laravel-projects/stem-lms/vendor/laravel/framework/src/Illuminate/Cookie/Middleware/EncryptCookies.php(74): Illuminate/Pipeline/Pipeline->Illuminate/Pipeline/{closure}()
#34 C:/xampp/htdocs/laravel-projects/stem-lms/vendor/laravel/framework/src/Illuminate/Pipeline/Pipeline.php(219): Illuminate/Cookie/Middleware/EncryptCookies->handle()
#35 C:/xampp/htdocs/laravel-projects/stem-lms/vendor/laravel/framework/src/Illuminate/Pipeline/Pipeline.php(137): Illuminate/Pipeline/Pipeline->Illuminate/Pipeline/{closure}()
#36 C:/xampp/htdocs/laravel-projects/stem-lms/vendor/laravel/framework/src/Illuminate/Routing/Router.php(821): Illuminate/Pipeline/Pipeline->then()
#37 C:/xampp/htdocs/laravel-projects/stem-lms/vendor/laravel/framework/src/Illuminate/Routing/Router.php(800): Illuminate/Routing/Router->runRouteWithinStack()
#38 C:/xampp/htdocs/laravel-projects/stem-lms/vendor/laravel/framework/src/Illuminate/Routing/Router.php(764): Illuminate/Routing/Router->runRoute()
#39 C:/xampp/htdocs/laravel-projects/stem-lms/vendor/laravel/framework/src/Illuminate/Routing/Router.php(753): Illuminate/Routing/Router->dispatchToRoute()
#40 C:/xampp/htdocs/laravel-projects/stem-lms/vendor/laravel/framework/src/Illuminate/Foundation/Http/Kernel.php(200): Illuminate/Routing/Router->dispatch()
#41 C:/xampp/htdocs/laravel-projects/stem-lms/vendor/laravel/framework/src/Illuminate/Pipeline/Pipeline.php(180): Illuminate/Foundation/Http/Kernel->Illuminate/Foundation/Http/{closure}()
#42 C:/xampp/htdocs/laravel-projects/stem-lms/vendor/laravel/framework/src/Illuminate/Foundation/Http/Middleware/TransformsRequest.php(21): Illuminate/Pipeline/Pipeline->Illuminate/Pipeline/{closure}()
#43 C:/xampp/htdocs/laravel-projects/stem-lms/vendor/laravel/framework/src/Illuminate/Foundation/Http/Middleware/ConvertEmptyStringsToNull.php(31): Illuminate/Foundation/Http/Middleware/TransformsRequest->handle()
#44 C:/xampp/htdocs/laravel-projects/stem-lms/vendor/laravel/framework/src/Illuminate/Pipeline/Pipeline.php(219): Illuminate/Foundation/Http/Middleware/ConvertEmptyStringsToNull->handle()
#45 C:/xampp/htdocs/laravel-projects/stem-lms/vendor/laravel/framework/src/Illuminate/Foundation/Http/Middleware/TransformsRequest.php(21): Illuminate/Pipeline/Pipeline->Illuminate/Pipeline/{closure}()
#46 C:/xampp/htdocs/laravel-projects/stem-lms/vendor/laravel/framework/src/Illuminate/Foundation/Http/Middleware/TrimStrings.php(51): Illuminate/Foundation/Http/Middleware/TransformsRequest->handle()
#47 C:/xampp/htdocs/laravel-projects/stem-lms/vendor/laravel/framework/src/Illuminate/Pipeline/Pipeline.php(219): Illuminate/Foundation/Http/Middleware/TrimStrings->handle()
#48 C:/xampp/htdocs/laravel-projects/stem-lms/vendor/laravel/framework/src/Illuminate/Http/Middleware/ValidatePostSize.php(27): Illuminate/Pipeline/Pipeline->Illuminate/Pipeline/{closure}()
#49 C:/xampp/htdocs/laravel-projects/stem-lms/vendor/laravel/framework/src/Illuminate/Pipeline/Pipeline.php(219): Illuminate/Http/Middleware/ValidatePostSize->handle()
#50 C:/xampp/htdocs/laravel-projects/stem-lms/vendor/laravel/framework/src/Illuminate/Foundation/Http/Middleware/PreventRequestsDuringMaintenance.php(109): Illuminate/Pipeline/Pipeline->Illuminate/Pipeline/{closure}()
#51 C:/xampp/htdocs/laravel-projects/stem-lms/vendor/laravel/framework/src/Illuminate/Pipeline/Pipeline.php(219): Illuminate/Foundation/Http/Middleware/PreventRequestsDuringMaintenance->handle()
#52 C:/xampp/htdocs/laravel-projects/stem-lms/vendor/laravel/framework/src/Illuminate/Http/Middleware/HandleCors.php(61): Illuminate/Pipeline/Pipeline->Illuminate/Pipeline/{closure}()
#53 C:/xampp/htdocs/laravel-projects/stem-lms/vendor/laravel/framework/src/Illuminate/Pipeline/Pipeline.php(219): Illuminate/Http/Middleware/HandleCors->handle()
#54 C:/xampp/htdocs/laravel-projects/stem-lms/vendor/laravel/framework/src/Illuminate/Http/Middleware/TrustProxies.php(58): Illuminate/Pipeline/Pipeline->Illuminate/Pipeline/{closure}()
#55 C:/xampp/htdocs/laravel-projects/stem-lms/vendor/laravel/framework/src/Illuminate/Pipeline/Pipeline.php(219): Illuminate/Http/Middleware/TrustProxies->handle()
#56 C:/xampp/htdocs/laravel-projects/stem-lms/vendor/laravel/framework/src/Illuminate/Foundation/Http/Middleware/InvokeDeferredCallbacks.php(22): Illuminate/Pipeline/Pipeline->Illuminate/Pipeline/{closure}()
#57 C:/xampp/htdocs/laravel-projects/stem-lms/vendor/laravel/framework/src/Illuminate/Pipeline/Pipeline.php(219): Illuminate/Foundation/Http/Middleware/InvokeDeferredCallbacks->handle()
#58 C:/xampp/htdocs/laravel-projects/stem-lms/vendor/laravel/framework/src/Illuminate/Http/Middleware/ValidatePathEncoding.php(26): Illuminate/Pipeline/Pipeline->Illuminate/Pipeline/{closure}()
#59 C:/xampp/htdocs/laravel-projects/stem-lms/vendor/laravel/framework/src/Illuminate/Pipeline/Pipeline.php(219): Illuminate/Http/Middleware/ValidatePathEncoding->handle()
#60 C:/xampp/htdocs/laravel-projects/stem-lms/vendor/laravel/framework/src/Illuminate/Pipeline/Pipeline.php(137): Illuminate/Pipeline/Pipeline->Illuminate/Pipeline/{closure}()
#61 C:/xampp/htdocs/laravel-projects/stem-lms/vendor/laravel/framework/src/Illuminate/Foundation/Http/Kernel.php(175): Illuminate/Pipeline/Pipeline->then()
#62 C:/xampp/htdocs/laravel-projects/stem-lms/vendor/laravel/framework/src/Illuminate/Foundation/Http/Kernel.php(144): Illuminate/Foundation/Http/Kernel->sendRequestThroughRouter()
#63 C:/xampp/htdocs/laravel-projects/stem-lms/vendor/laravel/framework/src/Illuminate/Foundation/Application.php(1220): Illuminate/Foundation/Http/Kernel->handle()
#64 C:/xampp/htdocs/laravel-projects/stem-lms/public/index.php(17): Illuminate/Foundation/Application->handleRequest()
#65 C:/xampp/htdocs/laravel-projects/stem-lms/vendor/laravel/framework/src/Illuminate/Foundation/resources/server.php(23): require_once('...')
#66 {main}

[previous exception] [object] (PDOException(code: 23000): SQLSTATE[23000]: Integrity constraint violation: 1052 Column 'course_id' in where clause is ambiguous at C:/xampp/htdocs/laravel-projects/stem-lms/vendor/laravel/framework/src/Illuminate/Database/Connection.php:420)
[stacktrace]
#0 C:/xampp/htdocs/laravel-projects/stem-lms/vendor/laravel/framework/src/Illuminate/Database/Connection.php(420): PDO->prepare()
#1 C:/xampp/htdocs/laravel-projects/stem-lms/vendor/laravel/framework/src/Illuminate/Database/Connection.php(827): Illuminate/Database/Connection->Illuminate/Database/{closure}()
#2 C:/xampp/htdocs/laravel-projects/stem-lms/vendor/laravel/framework/src/Illuminate/Database/Connection.php(794): Illuminate/Database/Connection->runQueryCallback()
#3 C:/xampp/htdocs/laravel-projects/stem-lms/vendor/laravel/framework/src/Illuminate/Database/Connection.php(411): Illuminate/Database/Connection->run()
#4 C:/xampp/htdocs/laravel-projects/stem-lms/vendor/laravel/framework/src/Illuminate/Database/Query/Builder.php(3505): Illuminate/Database/Connection->select()
#5 C:/xampp/htdocs/laravel-projects/stem-lms/vendor/laravel/framework/src/Illuminate/Database/Query/Builder.php(3763): Illuminate/Database/Query/Builder->runSelect()
#6 C:/xampp/htdocs/laravel-projects/stem-lms/vendor/laravel/framework/src/Illuminate/Database/Query/Builder.php(4080): Illuminate/Database/Query/Builder->Illuminate/Database/Query/{closure}()
#7 C:/xampp/htdocs/laravel-projects/stem-lms/vendor/laravel/framework/src/Illuminate/Database/Query/Builder.php(3759): Illuminate/Database/Query/Builder->onceWithColumns()
#8 C:/xampp/htdocs/laravel-projects/stem-lms/vendor/laravel/framework/src/Illuminate/Database/Eloquent/Builder.php(1082): Illuminate/Database/Query/Builder->pluck()
#9 C:/xampp/htdocs/laravel-projects/stem-lms/vendor/laravel/framework/src/Illuminate/Support/Traits/ForwardsCalls.php(23): Illuminate/Database/Eloquent/Builder->pluck()
#10 C:/xampp/htdocs/laravel-projects/stem-lms/vendor/laravel/framework/src/Illuminate/Support/Traits/ForwardsCalls.php(52): Illuminate/Database/Eloquent/Relations/Relation->forwardCallTo()
#11 C:/xampp/htdocs/laravel-projects/stem-lms/vendor/laravel/framework/src/Illuminate/Database/Eloquent/Relations/Relation.php(538): Illuminate/Database/Eloquent/Relations/Relation->forwardDecoratedCallTo()
#12 C:/xampp/htdocs/laravel-projects/stem-lms/app/Http/Controllers/Frontend/LearnController.php(59): Illuminate/Database/Eloquent/Relations/Relation->__call()
#13 C:/xampp/htdocs/laravel-projects/stem-lms/vendor/laravel/framework/src/Illuminate/Routing/ControllerDispatcher.php(46): App/Http/Controllers/Frontend/LearnController->lesson()
#14 C:/xampp/htdocs/laravel-projects/stem-lms/vendor/laravel/framework/src/Illuminate/Routing/Route.php(265): Illuminate/Routing/ControllerDispatcher->dispatch()
#15 C:/xampp/htdocs/laravel-projects/stem-lms/vendor/laravel/framework/src/Illuminate/Routing/Route.php(211): Illuminate/Routing/Route->runController()
#16 C:/xampp/htdocs/laravel-projects/stem-lms/vendor/laravel/framework/src/Illuminate/Routing/Router.php(822): Illuminate/Routing/Route->run()
#17 C:/xampp/htdocs/laravel-projects/stem-lms/vendor/laravel/framework/src/Illuminate/Pipeline/Pipeline.php(180): Illuminate/Routing/Router->Illuminate/Routing/{closure}()
#18 C:/xampp/htdocs/laravel-projects/stem-lms/app/Http/Middleware/EnsureUserIsNotBlocked.php(23): Illuminate/Pipeline/Pipeline->Illuminate/Pipeline/{closure}()
#19 C:/xampp/htdocs/laravel-projects/stem-lms/vendor/laravel/framework/src/Illuminate/Pipeline/Pipeline.php(219): App/Http/Middleware/EnsureUserIsNotBlocked->handle()
#20 C:/xampp/htdocs/laravel-projects/stem-lms/app/Http/Middleware/SetLocale.php(29): Illuminate/Pipeline/Pipeline->Illuminate/Pipeline/{closure}()
#21 C:/xampp/htdocs/laravel-projects/stem-lms/vendor/laravel/framework/src/Illuminate/Pipeline/Pipeline.php(219): App/Http/Middleware/SetLocale->handle()
#22 C:/xampp/htdocs/laravel-projects/stem-lms/vendor/laravel/framework/src/Illuminate/Routing/Middleware/SubstituteBindings.php(50): Illuminate/Pipeline/Pipeline->Illuminate/Pipeline/{closure}()
#23 C:/xampp/htdocs/laravel-projects/stem-lms/vendor/laravel/framework/src/Illuminate/Pipeline/Pipeline.php(219): Illuminate/Routing/Middleware/SubstituteBindings->handle()
#24 C:/xampp/htdocs/laravel-projects/stem-lms/vendor/laravel/framework/src/Illuminate/Auth/Middleware/Authenticate.php(63): Illuminate/Pipeline/Pipeline->Illuminate/Pipeline/{closure}()
#25 C:/xampp/htdocs/laravel-projects/stem-lms/vendor/laravel/framework/src/Illuminate/Pipeline/Pipeline.php(219): Illuminate/Auth/Middleware/Authenticate->handle()
#26 C:/xampp/htdocs/laravel-projects/stem-lms/vendor/laravel/framework/src/Illuminate/Foundation/Http/Middleware/VerifyCsrfToken.php(87): Illuminate/Pipeline/Pipeline->Illuminate/Pipeline/{closure}()
#27 C:/xampp/htdocs/laravel-projects/stem-lms/vendor/laravel/framework/src/Illuminate/Pipeline/Pipeline.php(219): Illuminate/Foundation/Http/Middleware/VerifyCsrfToken->handle()
#28 C:/xampp/htdocs/laravel-projects/stem-lms/vendor/laravel/framework/src/Illuminate/View/Middleware/ShareErrorsFromSession.php(48): Illuminate/Pipeline/Pipeline->Illuminate/Pipeline/{closure}()
#29 C:/xampp/htdocs/laravel-projects/stem-lms/vendor/laravel/framework/src/Illuminate/Pipeline/Pipeline.php(219): Illuminate/View/Middleware/ShareErrorsFromSession->handle()
#30 C:/xampp/htdocs/laravel-projects/stem-lms/vendor/laravel/framework/src/Illuminate/Session/Middleware/StartSession.php(120): Illuminate/Pipeline/Pipeline->Illuminate/Pipeline/{closure}()
#31 C:/xampp/htdocs/laravel-projects/stem-lms/vendor/laravel/framework/src/Illuminate/Session/Middleware/StartSession.php(63): Illuminate/Session/Middleware/StartSession->handleStatefulRequest()
#32 C:/xampp/htdocs/laravel-projects/stem-lms/vendor/laravel/framework/src/Illuminate/Pipeline/Pipeline.php(219): Illuminate/Session/Middleware/StartSession->handle()
#33 C:/xampp/htdocs/laravel-projects/stem-lms/vendor/laravel/framework/src/Illuminate/Cookie/Middleware/AddQueuedCookiesToResponse.php(36): Illuminate/Pipeline/Pipeline->Illuminate/Pipeline/{closure}()
#34 C:/xampp/htdocs/laravel-projects/stem-lms/vendor/laravel/framework/src/Illuminate/Pipeline/Pipeline.php(219): Illuminate/Cookie/Middleware/AddQueuedCookiesToResponse->handle()
#35 C:/xampp/htdocs/laravel-projects/stem-lms/vendor/laravel/framework/src/Illuminate/Cookie/Middleware/EncryptCookies.php(74): Illuminate/Pipeline/Pipeline->Illuminate/Pipeline/{closure}()
#36 C:/xampp/htdocs/laravel-projects/stem-lms/vendor/laravel/framework/src/Illuminate/Pipeline/Pipeline.php(219): Illuminate/Cookie/Middleware/EncryptCookies->handle()
#37 C:/xampp/htdocs/laravel-projects/stem-lms/vendor/laravel/framework/src/Illuminate/Pipeline/Pipeline.php(137): Illuminate/Pipeline/Pipeline->Illuminate/Pipeline/{closure}()
#38 C:/xampp/htdocs/laravel-projects/stem-lms/vendor/laravel/framework/src/Illuminate/Routing/Router.php(821): Illuminate/Pipeline/Pipeline->then()
#39 C:/xampp/htdocs/laravel-projects/stem-lms/vendor/laravel/framework/src/Illuminate/Routing/Router.php(800): Illuminate/Routing/Router->runRouteWithinStack()
#40 C:/xampp/htdocs/laravel-projects/stem-lms/vendor/laravel/framework/src/Illuminate/Routing/Router.php(764): Illuminate/Routing/Router->runRoute()
#41 C:/xampp/htdocs/laravel-projects/stem-lms/vendor/laravel/framework/src/Illuminate/Routing/Router.php(753): Illuminate/Routing/Router->dispatchToRoute()
#42 C:/xampp/htdocs/laravel-projects/stem-lms/vendor/laravel/framework/src/Illuminate/Foundation/Http/Kernel.php(200): Illuminate/Routing/Router->dispatch()
#43 C:/xampp/htdocs/laravel-projects/stem-lms/vendor/laravel/framework/src/Illuminate/Pipeline/Pipeline.php(180): Illuminate/Foundation/Http/Kernel->Illuminate/Foundation/Http/{closure}()
#44 C:/xampp/htdocs/laravel-projects/stem-lms/vendor/laravel/framework/src/Illuminate/Foundation/Http/Middleware/TransformsRequest.php(21): Illuminate/Pipeline/Pipeline->Illuminate/Pipeline/{closure}()
#45 C:/xampp/htdocs/laravel-projects/stem-lms/vendor/laravel/framework/src/Illuminate/Foundation/Http/Middleware/ConvertEmptyStringsToNull.php(31): Illuminate/Foundation/Http/Middleware/TransformsRequest->handle()
#46 C:/xampp/htdocs/laravel-projects/stem-lms/vendor/laravel/framework/src/Illuminate/Pipeline/Pipeline.php(219): Illuminate/Foundation/Http/Middleware/ConvertEmptyStringsToNull->handle()
#47 C:/xampp/htdocs/laravel-projects/stem-lms/vendor/laravel/framework/src/Illuminate/Foundation/Http/Middleware/TransformsRequest.php(21): Illuminate/Pipeline/Pipeline->Illuminate/Pipeline/{closure}()
#48 C:/xampp/htdocs/laravel-projects/stem-lms/vendor/laravel/framework/src/Illuminate/Foundation/Http/Middleware/TrimStrings.php(51): Illuminate/Foundation/Http/Middleware/TransformsRequest->handle()
#49 C:/xampp/htdocs/laravel-projects/stem-lms/vendor/laravel/framework/src/Illuminate/Pipeline/Pipeline.php(219): Illuminate/Foundation/Http/Middleware/TrimStrings->handle()
#50 C:/xampp/htdocs/laravel-projects/stem-lms/vendor/laravel/framework/src/Illuminate/Http/Middleware/ValidatePostSize.php(27): Illuminate/Pipeline/Pipeline->Illuminate/Pipeline/{closure}()
#51 C:/xampp/htdocs/laravel-projects/stem-lms/vendor/laravel/framework/src/Illuminate/Pipeline/Pipeline.php(219): Illuminate/Http/Middleware/ValidatePostSize->handle()
#52 C:/xampp/htdocs/laravel-projects/stem-lms/vendor/laravel/framework/src/Illuminate/Foundation/Http/Middleware/PreventRequestsDuringMaintenance.php(109): Illuminate/Pipeline/Pipeline->Illuminate/Pipeline/{closure}()
#53 C:/xampp/htdocs/laravel-projects/stem-lms/vendor/laravel/framework/src/Illuminate/Pipeline/Pipeline.php(219): Illuminate/Foundation/Http/Middleware/PreventRequestsDuringMaintenance->handle()
#54 C:/xampp/htdocs/laravel-projects/stem-lms/vendor/laravel/framework/src/Illuminate/Http/Middleware/HandleCors.php(61): Illuminate/Pipeline/Pipeline->Illuminate/Pipeline/{closure}()
#55 C:/xampp/htdocs/laravel-projects/stem-lms/vendor/laravel/framework/src/Illuminate/Pipeline/Pipeline.php(219): Illuminate/Http/Middleware/HandleCors->handle()
#56 C:/xampp/htdocs/laravel-projects/stem-lms/vendor/laravel/framework/src/Illuminate/Http/Middleware/TrustProxies.php(58): Illuminate/Pipeline/Pipeline->Illuminate/Pipeline/{closure}()
#57 C:/xampp/htdocs/laravel-projects/stem-lms/vendor/laravel/framework/src/Illuminate/Pipeline/Pipeline.php(219): Illuminate/Http/Middleware/TrustProxies->handle()
#58 C:/xampp/htdocs/laravel-projects/stem-lms/vendor/laravel/framework/src/Illuminate/Foundation/Http/Middleware/InvokeDeferredCallbacks.php(22): Illuminate/Pipeline/Pipeline->Illuminate/Pipeline/{closure}()
#59 C:/xampp/htdocs/laravel-projects/stem-lms/vendor/laravel/framework/src/Illuminate/Pipeline/Pipeline.php(219): Illuminate/Foundation/Http/Middleware/InvokeDeferredCallbacks->handle()
#60 C:/xampp/htdocs/laravel-projects/stem-lms/vendor/laravel/framework/src/Illuminate/Http/Middleware/ValidatePathEncoding.php(26): Illuminate/Pipeline/Pipeline->Illuminate/Pipeline/{closure}()
#61 C:/xampp/htdocs/laravel-projects/stem-lms/vendor/laravel/framework/src/Illuminate/Pipeline/Pipeline.php(219): Illuminate/Http/Middleware/ValidatePathEncoding->handle()
#62 C:/xampp/htdocs/laravel-projects/stem-lms/vendor/laravel/framework/src/Illuminate/Pipeline/Pipeline.php(137): Illuminate/Pipeline/Pipeline->Illuminate/Pipeline/{closure}()
#63 C:/xampp/htdocs/laravel-projects/stem-lms/vendor/laravel/framework/src/Illuminate/Foundation/Http/Kernel.php(175): Illuminate/Pipeline/Pipeline->then()
#64 C:/xampp/htdocs/laravel-projects/stem-lms/vendor/laravel/framework/src/Illuminate/Foundation/Http/Kernel.php(144): Illuminate/Foundation/Http/Kernel->sendRequestThroughRouter()
#65 C:/xampp/htdocs/laravel-projects/stem-lms/vendor/laravel/framework/src/Illuminate/Foundation/Application.php(1220): Illuminate/Foundation/Http/Kernel->handle()
#66 C:/xampp/htdocs/laravel-projects/stem-lms/public/index.php(17): Illuminate/Foundation/Application->handleRequest()
#67 C:/xampp/htdocs/laravel-projects/stem-lms/vendor/laravel/framework/src/Illuminate/Foundation/resources/server.php(23): require_once('...')
#68 {main}
"} 
[2026-05-31 19:28:01] local.ERROR: SQLSTATE[23000]: Integrity constraint violation: 1052 Column 'course_id' in where clause is ambiguous (Connection: mysql, Host: 127.0.0.1, Port: 3306, Database: stem_lms, SQL: select `lessons`.`id` from `lessons` inner join `lesson_user` on `lessons`.`id` = `lesson_user`.`lesson_id` where `lesson_user`.`user_id` = 1 and `course_id` = 3) {"userId":1,"exception":"[object] (Illuminate\\Database\\QueryException(code: 23000): SQLSTATE[23000]: Integrity constraint violation: 1052 Column 'course_id' in where clause is ambiguous (Connection: mysql, Host: 127.0.0.1, Port: 3306, Database: stem_lms, SQL: select `lessons`.`id` from `lessons` inner join `lesson_user` on `lessons`.`id` = `lesson_user`.`lesson_id` where `lesson_user`.`user_id` = 1 and `course_id` = 3) at C:/xampp/htdocs/laravel-projects/stem-lms/vendor/laravel/framework/src/Illuminate/Database/Connection.php:838)
[stacktrace]
#0 C:/xampp/htdocs/laravel-projects/stem-lms/vendor/laravel/framework/src/Illuminate/Database/Connection.php(794): Illuminate/Database/Connection->runQueryCallback()
#1 C:/xampp/htdocs/laravel-projects/stem-lms/vendor/laravel/framework/src/Illuminate/Database/Connection.php(411): Illuminate/Database/Connection->run()
#2 C:/xampp/htdocs/laravel-projects/stem-lms/vendor/laravel/framework/src/Illuminate/Database/Query/Builder.php(3505): Illuminate/Database/Connection->select()
#3 C:/xampp/htdocs/laravel-projects/stem-lms/vendor/laravel/framework/src/Illuminate/Database/Query/Builder.php(3763): Illuminate/Database/Query/Builder->runSelect()
#4 C:/xampp/htdocs/laravel-projects/stem-lms/vendor/laravel/framework/src/Illuminate/Database/Query/Builder.php(4080): Illuminate/Database/Query/Builder->Illuminate/Database/Query/{closure}()
#5 C:/xampp/htdocs/laravel-projects/stem-lms/vendor/laravel/framework/src/Illuminate/Database/Query/Builder.php(3759): Illuminate/Database/Query/Builder->onceWithColumns()
#6 C:/xampp/htdocs/laravel-projects/stem-lms/vendor/laravel/framework/src/Illuminate/Database/Eloquent/Builder.php(1082): Illuminate/Database/Query/Builder->pluck()
#7 C:/xampp/htdocs/laravel-projects/stem-lms/vendor/laravel/framework/src/Illuminate/Support/Traits/ForwardsCalls.php(23): Illuminate/Database/Eloquent/Builder->pluck()
#8 C:/xampp/htdocs/laravel-projects/stem-lms/vendor/laravel/framework/src/Illuminate/Support/Traits/ForwardsCalls.php(52): Illuminate/Database/Eloquent/Relations/Relation->forwardCallTo()
#9 C:/xampp/htdocs/laravel-projects/stem-lms/vendor/laravel/framework/src/Illuminate/Database/Eloquent/Relations/Relation.php(538): Illuminate/Database/Eloquent/Relations/Relation->forwardDecoratedCallTo()
#10 C:/xampp/htdocs/laravel-projects/stem-lms/app/Http/Controllers/Frontend/LearnController.php(59): Illuminate/Database/Eloquent/Relations/Relation->__call()
#11 C:/xampp/htdocs/laravel-projects/stem-lms/vendor/laravel/framework/src/Illuminate/Routing/ControllerDispatcher.php(46): App/Http/Controllers/Frontend/LearnController->lesson()
#12 C:/xampp/htdocs/laravel-projects/stem-lms/vendor/laravel/framework/src/Illuminate/Routing/Route.php(265): Illuminate/Routing/ControllerDispatcher->dispatch()
#13 C:/xampp/htdocs/laravel-projects/stem-lms/vendor/laravel/framework/src/Illuminate/Routing/Route.php(211): Illuminate/Routing/Route->runController()
#14 C:/xampp/htdocs/laravel-projects/stem-lms/vendor/laravel/framework/src/Illuminate/Routing/Router.php(822): Illuminate/Routing/Route->run()
#15 C:/xampp/htdocs/laravel-projects/stem-lms/vendor/laravel/framework/src/Illuminate/Pipeline/Pipeline.php(180): Illuminate/Routing/Router->Illuminate/Routing/{closure}()
#16 C:/xampp/htdocs/laravel-projects/stem-lms/app/Http/Middleware/EnsureUserIsNotBlocked.php(23): Illuminate/Pipeline/Pipeline->Illuminate/Pipeline/{closure}()
#17 C:/xampp/htdocs/laravel-projects/stem-lms/vendor/laravel/framework/src/Illuminate/Pipeline/Pipeline.php(219): App/Http/Middleware/EnsureUserIsNotBlocked->handle()
#18 C:/xampp/htdocs/laravel-projects/stem-lms/app/Http/Middleware/SetLocale.php(29): Illuminate/Pipeline/Pipeline->Illuminate/Pipeline/{closure}()
#19 C:/xampp/htdocs/laravel-projects/stem-lms/vendor/laravel/framework/src/Illuminate/Pipeline/Pipeline.php(219): App/Http/Middleware/SetLocale->handle()
#20 C:/xampp/htdocs/laravel-projects/stem-lms/vendor/laravel/framework/src/Illuminate/Routing/Middleware/SubstituteBindings.php(50): Illuminate/Pipeline/Pipeline->Illuminate/Pipeline/{closure}()
#21 C:/xampp/htdocs/laravel-projects/stem-lms/vendor/laravel/framework/src/Illuminate/Pipeline/Pipeline.php(219): Illuminate/Routing/Middleware/SubstituteBindings->handle()
#22 C:/xampp/htdocs/laravel-projects/stem-lms/vendor/laravel/framework/src/Illuminate/Auth/Middleware/Authenticate.php(63): Illuminate/Pipeline/Pipeline->Illuminate/Pipeline/{closure}()
#23 C:/xampp/htdocs/laravel-projects/stem-lms/vendor/laravel/framework/src/Illuminate/Pipeline/Pipeline.php(219): Illuminate/Auth/Middleware/Authenticate->handle()
#24 C:/xampp/htdocs/laravel-projects/stem-lms/vendor/laravel/framework/src/Illuminate/Foundation/Http/Middleware/VerifyCsrfToken.php(87): Illuminate/Pipeline/Pipeline->Illuminate/Pipeline/{closure}()
#25 C:/xampp/htdocs/laravel-projects/stem-lms/vendor/laravel/framework/src/Illuminate/Pipeline/Pipeline.php(219): Illuminate/Foundation/Http/Middleware/VerifyCsrfToken->handle()
#26 C:/xampp/htdocs/laravel-projects/stem-lms/vendor/laravel/framework/src/Illuminate/View/Middleware/ShareErrorsFromSession.php(48): Illuminate/Pipeline/Pipeline->Illuminate/Pipeline/{closure}()
#27 C:/xampp/htdocs/laravel-projects/stem-lms/vendor/laravel/framework/src/Illuminate/Pipeline/Pipeline.php(219): Illuminate/View/Middleware/ShareErrorsFromSession->handle()
#28 C:/xampp/htdocs/laravel-projects/stem-lms/vendor/laravel/framework/src/Illuminate/Session/Middleware/StartSession.php(120): Illuminate/Pipeline/Pipeline->Illuminate/Pipeline/{closure}()
#29 C:/xampp/htdocs/laravel-projects/stem-lms/vendor/laravel/framework/src/Illuminate/Session/Middleware/StartSession.php(63): Illuminate/Session/Middleware/StartSession->handleStatefulRequest()
#30 C:/xampp/htdocs/laravel-projects/stem-lms/vendor/laravel/framework/src/Illuminate/Pipeline/Pipeline.php(219): Illuminate/Session/Middleware/StartSession->handle()
#31 C:/xampp/htdocs/laravel-projects/stem-lms/vendor/laravel/framework/src/Illuminate/Cookie/Middleware/AddQueuedCookiesToResponse.php(36): Illuminate/Pipeline/Pipeline->Illuminate/Pipeline/{closure}()
#32 C:/xampp/htdocs/laravel-projects/stem-lms/vendor/laravel/framework/src/Illuminate/Pipeline/Pipeline.php(219): Illuminate/Cookie/Middleware/AddQueuedCookiesToResponse->handle()
#33 C:/xampp/htdocs/laravel-projects/stem-lms/vendor/laravel/framework/src/Illuminate/Cookie/Middleware/EncryptCookies.php(74): Illuminate/Pipeline/Pipeline->Illuminate/Pipeline/{closure}()
#34 C:/xampp/htdocs/laravel-projects/stem-lms/vendor/laravel/framework/src/Illuminate/Pipeline/Pipeline.php(219): Illuminate/Cookie/Middleware/EncryptCookies->handle()
#35 C:/xampp/htdocs/laravel-projects/stem-lms/vendor/laravel/framework/src/Illuminate/Pipeline/Pipeline.php(137): Illuminate/Pipeline/Pipeline->Illuminate/Pipeline/{closure}()
#36 C:/xampp/htdocs/laravel-projects/stem-lms/vendor/laravel/framework/src/Illuminate/Routing/Router.php(821): Illuminate/Pipeline/Pipeline->then()
#37 C:/xampp/htdocs/laravel-projects/stem-lms/vendor/laravel/framework/src/Illuminate/Routing/Router.php(800): Illuminate/Routing/Router->runRouteWithinStack()
#38 C:/xampp/htdocs/laravel-projects/stem-lms/vendor/laravel/framework/src/Illuminate/Routing/Router.php(764): Illuminate/Routing/Router->runRoute()
#39 C:/xampp/htdocs/laravel-projects/stem-lms/vendor/laravel/framework/src/Illuminate/Routing/Router.php(753): Illuminate/Routing/Router->dispatchToRoute()
#40 C:/xampp/htdocs/laravel-projects/stem-lms/vendor/laravel/framework/src/Illuminate/Foundation/Http/Kernel.php(200): Illuminate/Routing/Router->dispatch()
#41 C:/xampp/htdocs/laravel-projects/stem-lms/vendor/laravel/framework/src/Illuminate/Pipeline/Pipeline.php(180): Illuminate/Foundation/Http/Kernel->Illuminate/Foundation/Http/{closure}()
#42 C:/xampp/htdocs/laravel-projects/stem-lms/vendor/laravel/framework/src/Illuminate/Foundation/Http/Middleware/TransformsRequest.php(21): Illuminate/Pipeline/Pipeline->Illuminate/Pipeline/{closure}()
#43 C:/xampp/htdocs/laravel-projects/stem-lms/vendor/laravel/framework/src/Illuminate/Foundation/Http/Middleware/ConvertEmptyStringsToNull.php(31): Illuminate/Foundation/Http/Middleware/TransformsRequest->handle()
#44 C:/xampp/htdocs/laravel-projects/stem-lms/vendor/laravel/framework/src/Illuminate/Pipeline/Pipeline.php(219): Illuminate/Foundation/Http/Middleware/ConvertEmptyStringsToNull->handle()
#45 C:/xampp/htdocs/laravel-projects/stem-lms/vendor/laravel/framework/src/Illuminate/Foundation/Http/Middleware/TransformsRequest.php(21): Illuminate/Pipeline/Pipeline->Illuminate/Pipeline/{closure}()
#46 C:/xampp/htdocs/laravel-projects/stem-lms/vendor/laravel/framework/src/Illuminate/Foundation/Http/Middleware/TrimStrings.php(51): Illuminate/Foundation/Http/Middleware/TransformsRequest->handle()
#47 C:/xampp/htdocs/laravel-projects/stem-lms/vendor/laravel/framework/src/Illuminate/Pipeline/Pipeline.php(219): Illuminate/Foundation/Http/Middleware/TrimStrings->handle()
#48 C:/xampp/htdocs/laravel-projects/stem-lms/vendor/laravel/framework/src/Illuminate/Http/Middleware/ValidatePostSize.php(27): Illuminate/Pipeline/Pipeline->Illuminate/Pipeline/{closure}()
#49 C:/xampp/htdocs/laravel-projects/stem-lms/vendor/laravel/framework/src/Illuminate/Pipeline/Pipeline.php(219): Illuminate/Http/Middleware/ValidatePostSize->handle()
#50 C:/xampp/htdocs/laravel-projects/stem-lms/vendor/laravel/framework/src/Illuminate/Foundation/Http/Middleware/PreventRequestsDuringMaintenance.php(109): Illuminate/Pipeline/Pipeline->Illuminate/Pipeline/{closure}()
#51 C:/xampp/htdocs/laravel-projects/stem-lms/vendor/laravel/framework/src/Illuminate/Pipeline/Pipeline.php(219): Illuminate/Foundation/Http/Middleware/PreventRequestsDuringMaintenance->handle()
#52 C:/xampp/htdocs/laravel-projects/stem-lms/vendor/laravel/framework/src/Illuminate/Http/Middleware/HandleCors.php(61): Illuminate/Pipeline/Pipeline->Illuminate/Pipeline/{closure}()
#53 C:/xampp/htdocs/laravel-projects/stem-lms/vendor/laravel/framework/src/Illuminate/Pipeline/Pipeline.php(219): Illuminate/Http/Middleware/HandleCors->handle()
#54 C:/xampp/htdocs/laravel-projects/stem-lms/vendor/laravel/framework/src/Illuminate/Http/Middleware/TrustProxies.php(58): Illuminate/Pipeline/Pipeline->Illuminate/Pipeline/{closure}()
#55 C:/xampp/htdocs/laravel-projects/stem-lms/vendor/laravel/framework/src/Illuminate/Pipeline/Pipeline.php(219): Illuminate/Http/Middleware/TrustProxies->handle()
#56 C:/xampp/htdocs/laravel-projects/stem-lms/vendor/laravel/framework/src/Illuminate/Foundation/Http/Middleware/InvokeDeferredCallbacks.php(22): Illuminate/Pipeline/Pipeline->Illuminate/Pipeline/{closure}()
#57 C:/xampp/htdocs/laravel-projects/stem-lms/vendor/laravel/framework/src/Illuminate/Pipeline/Pipeline.php(219): Illuminate/Foundation/Http/Middleware/InvokeDeferredCallbacks->handle()
#58 C:/xampp/htdocs/laravel-projects/stem-lms/vendor/laravel/framework/src/Illuminate/Http/Middleware/ValidatePathEncoding.php(26): Illuminate/Pipeline/Pipeline->Illuminate/Pipeline/{closure}()
#59 C:/xampp/htdocs/laravel-projects/stem-lms/vendor/laravel/framework/src/Illuminate/Pipeline/Pipeline.php(219): Illuminate/Http/Middleware/ValidatePathEncoding->handle()
#60 C:/xampp/htdocs/laravel-projects/stem-lms/vendor/laravel/framework/src/Illuminate/Pipeline/Pipeline.php(137): Illuminate/Pipeline/Pipeline->Illuminate/Pipeline/{closure}()
#61 C:/xampp/htdocs/laravel-projects/stem-lms/vendor/laravel/framework/src/Illuminate/Foundation/Http/Kernel.php(175): Illuminate/Pipeline/Pipeline->then()
#62 C:/xampp/htdocs/laravel-projects/stem-lms/vendor/laravel/framework/src/Illuminate/Foundation/Http/Kernel.php(144): Illuminate/Foundation/Http/Kernel->sendRequestThroughRouter()
#63 C:/xampp/htdocs/laravel-projects/stem-lms/vendor/laravel/framework/src/Illuminate/Foundation/Application.php(1220): Illuminate/Foundation/Http/Kernel->handle()
#64 C:/xampp/htdocs/laravel-projects/stem-lms/public/index.php(17): Illuminate/Foundation/Application->handleRequest()
#65 C:/xampp/htdocs/laravel-projects/stem-lms/vendor/laravel/framework/src/Illuminate/Foundation/resources/server.php(23): require_once('...')
#66 {main}

[previous exception] [object] (PDOException(code: 23000): SQLSTATE[23000]: Integrity constraint violation: 1052 Column 'course_id' in where clause is ambiguous at C:/xampp/htdocs/laravel-projects/stem-lms/vendor/laravel/framework/src/Illuminate/Database/Connection.php:420)
[stacktrace]
#0 C:/xampp/htdocs/laravel-projects/stem-lms/vendor/laravel/framework/src/Illuminate/Database/Connection.php(420): PDO->prepare()
#1 C:/xampp/htdocs/laravel-projects/stem-lms/vendor/laravel/framework/src/Illuminate/Database/Connection.php(827): Illuminate/Database/Connection->Illuminate/Database/{closure}()
#2 C:/xampp/htdocs/laravel-projects/stem-lms/vendor/laravel/framework/src/Illuminate/Database/Connection.php(794): Illuminate/Database/Connection->runQueryCallback()
#3 C:/xampp/htdocs/laravel-projects/stem-lms/vendor/laravel/framework/src/Illuminate/Database/Connection.php(411): Illuminate/Database/Connection->run()
#4 C:/xampp/htdocs/laravel-projects/stem-lms/vendor/laravel/framework/src/Illuminate/Database/Query/Builder.php(3505): Illuminate/Database/Connection->select()
#5 C:/xampp/htdocs/laravel-projects/stem-lms/vendor/laravel/framework/src/Illuminate/Database/Query/Builder.php(3763): Illuminate/Database/Query/Builder->runSelect()
#6 C:/xampp/htdocs/laravel-projects/stem-lms/vendor/laravel/framework/src/Illuminate/Database/Query/Builder.php(4080): Illuminate/Database/Query/Builder->Illuminate/Database/Query/{closure}()
#7 C:/xampp/htdocs/laravel-projects/stem-lms/vendor/laravel/framework/src/Illuminate/Database/Query/Builder.php(3759): Illuminate/Database/Query/Builder->onceWithColumns()
#8 C:/xampp/htdocs/laravel-projects/stem-lms/vendor/laravel/framework/src/Illuminate/Database/Eloquent/Builder.php(1082): Illuminate/Database/Query/Builder->pluck()
#9 C:/xampp/htdocs/laravel-projects/stem-lms/vendor/laravel/framework/src/Illuminate/Support/Traits/ForwardsCalls.php(23): Illuminate/Database/Eloquent/Builder->pluck()
#10 C:/xampp/htdocs/laravel-projects/stem-lms/vendor/laravel/framework/src/Illuminate/Support/Traits/ForwardsCalls.php(52): Illuminate/Database/Eloquent/Relations/Relation->forwardCallTo()
#11 C:/xampp/htdocs/laravel-projects/stem-lms/vendor/laravel/framework/src/Illuminate/Database/Eloquent/Relations/Relation.php(538): Illuminate/Database/Eloquent/Relations/Relation->forwardDecoratedCallTo()
#12 C:/xampp/htdocs/laravel-projects/stem-lms/app/Http/Controllers/Frontend/LearnController.php(59): Illuminate/Database/Eloquent/Relations/Relation->__call()
#13 C:/xampp/htdocs/laravel-projects/stem-lms/vendor/laravel/framework/src/Illuminate/Routing/ControllerDispatcher.php(46): App/Http/Controllers/Frontend/LearnController->lesson()
#14 C:/xampp/htdocs/laravel-projects/stem-lms/vendor/laravel/framework/src/Illuminate/Routing/Route.php(265): Illuminate/Routing/ControllerDispatcher->dispatch()
#15 C:/xampp/htdocs/laravel-projects/stem-lms/vendor/laravel/framework/src/Illuminate/Routing/Route.php(211): Illuminate/Routing/Route->runController()
#16 C:/xampp/htdocs/laravel-projects/stem-lms/vendor/laravel/framework/src/Illuminate/Routing/Router.php(822): Illuminate/Routing/Route->run()
#17 C:/xampp/htdocs/laravel-projects/stem-lms/vendor/laravel/framework/src/Illuminate/Pipeline/Pipeline.php(180): Illuminate/Routing/Router->Illuminate/Routing/{closure}()
#18 C:/xampp/htdocs/laravel-projects/stem-lms/app/Http/Middleware/EnsureUserIsNotBlocked.php(23): Illuminate/Pipeline/Pipeline->Illuminate/Pipeline/{closure}()
#19 C:/xampp/htdocs/laravel-projects/stem-lms/vendor/laravel/framework/src/Illuminate/Pipeline/Pipeline.php(219): App/Http/Middleware/EnsureUserIsNotBlocked->handle()
#20 C:/xampp/htdocs/laravel-projects/stem-lms/app/Http/Middleware/SetLocale.php(29): Illuminate/Pipeline/Pipeline->Illuminate/Pipeline/{closure}()
#21 C:/xampp/htdocs/laravel-projects/stem-lms/vendor/laravel/framework/src/Illuminate/Pipeline/Pipeline.php(219): App/Http/Middleware/SetLocale->handle()
#22 C:/xampp/htdocs/laravel-projects/stem-lms/vendor/laravel/framework/src/Illuminate/Routing/Middleware/SubstituteBindings.php(50): Illuminate/Pipeline/Pipeline->Illuminate/Pipeline/{closure}()
#23 C:/xampp/htdocs/laravel-projects/stem-lms/vendor/laravel/framework/src/Illuminate/Pipeline/Pipeline.php(219): Illuminate/Routing/Middleware/SubstituteBindings->handle()
#24 C:/xampp/htdocs/laravel-projects/stem-lms/vendor/laravel/framework/src/Illuminate/Auth/Middleware/Authenticate.php(63): Illuminate/Pipeline/Pipeline->Illuminate/Pipeline/{closure}()
#25 C:/xampp/htdocs/laravel-projects/stem-lms/vendor/laravel/framework/src/Illuminate/Pipeline/Pipeline.php(219): Illuminate/Auth/Middleware/Authenticate->handle()
#26 C:/xampp/htdocs/laravel-projects/stem-lms/vendor/laravel/framework/src/Illuminate/Foundation/Http/Middleware/VerifyCsrfToken.php(87): Illuminate/Pipeline/Pipeline->Illuminate/Pipeline/{closure}()
#27 C:/xampp/htdocs/laravel-projects/stem-lms/vendor/laravel/framework/src/Illuminate/Pipeline/Pipeline.php(219): Illuminate/Foundation/Http/Middleware/VerifyCsrfToken->handle()
#28 C:/xampp/htdocs/laravel-projects/stem-lms/vendor/laravel/framework/src/Illuminate/View/Middleware/ShareErrorsFromSession.php(48): Illuminate/Pipeline/Pipeline->Illuminate/Pipeline/{closure}()
#29 C:/xampp/htdocs/laravel-projects/stem-lms/vendor/laravel/framework/src/Illuminate/Pipeline/Pipeline.php(219): Illuminate/View/Middleware/ShareErrorsFromSession->handle()
#30 C:/xampp/htdocs/laravel-projects/stem-lms/vendor/laravel/framework/src/Illuminate/Session/Middleware/StartSession.php(120): Illuminate/Pipeline/Pipeline->Illuminate/Pipeline/{closure}()
#31 C:/xampp/htdocs/laravel-projects/stem-lms/vendor/laravel/framework/src/Illuminate/Session/Middleware/StartSession.php(63): Illuminate/Session/Middleware/StartSession->handleStatefulRequest()
#32 C:/xampp/htdocs/laravel-projects/stem-lms/vendor/laravel/framework/src/Illuminate/Pipeline/Pipeline.php(219): Illuminate/Session/Middleware/StartSession->handle()
#33 C:/xampp/htdocs/laravel-projects/stem-lms/vendor/laravel/framework/src/Illuminate/Cookie/Middleware/AddQueuedCookiesToResponse.php(36): Illuminate/Pipeline/Pipeline->Illuminate/Pipeline/{closure}()
#34 C:/xampp/htdocs/laravel-projects/stem-lms/vendor/laravel/framework/src/Illuminate/Pipeline/Pipeline.php(219): Illuminate/Cookie/Middleware/AddQueuedCookiesToResponse->handle()
#35 C:/xampp/htdocs/laravel-projects/stem-lms/vendor/laravel/framework/src/Illuminate/Cookie/Middleware/EncryptCookies.php(74): Illuminate/Pipeline/Pipeline->Illuminate/Pipeline/{closure}()
#36 C:/xampp/htdocs/laravel-projects/stem-lms/vendor/laravel/framework/src/Illuminate/Pipeline/Pipeline.php(219): Illuminate/Cookie/Middleware/EncryptCookies->handle()
#37 C:/xampp/htdocs/laravel-projects/stem-lms/vendor/laravel/framework/src/Illuminate/Pipeline/Pipeline.php(137): Illuminate/Pipeline/Pipeline->Illuminate/Pipeline/{closure}()
#38 C:/xampp/htdocs/laravel-projects/stem-lms/vendor/laravel/framework/src/Illuminate/Routing/Router.php(821): Illuminate/Pipeline/Pipeline->then()
#39 C:/xampp/htdocs/laravel-projects/stem-lms/vendor/laravel/framework/src/Illuminate/Routing/Router.php(800): Illuminate/Routing/Router->runRouteWithinStack()
#40 C:/xampp/htdocs/laravel-projects/stem-lms/vendor/laravel/framework/src/Illuminate/Routing/Router.php(764): Illuminate/Routing/Router->runRoute()
#41 C:/xampp/htdocs/laravel-projects/stem-lms/vendor/laravel/framework/src/Illuminate/Routing/Router.php(753): Illuminate/Routing/Router->dispatchToRoute()
#42 C:/xampp/htdocs/laravel-projects/stem-lms/vendor/laravel/framework/src/Illuminate/Foundation/Http/Kernel.php(200): Illuminate/Routing/Router->dispatch()
#43 C:/xampp/htdocs/laravel-projects/stem-lms/vendor/laravel/framework/src/Illuminate/Pipeline/Pipeline.php(180): Illuminate/Foundation/Http/Kernel->Illuminate/Foundation/Http/{closure}()
#44 C:/xampp/htdocs/laravel-projects/stem-lms/vendor/laravel/framework/src/Illuminate/Foundation/Http/Middleware/TransformsRequest.php(21): Illuminate/Pipeline/Pipeline->Illuminate/Pipeline/{closure}()
#45 C:/xampp/htdocs/laravel-projects/stem-lms/vendor/laravel/framework/src/Illuminate/Foundation/Http/Middleware/ConvertEmptyStringsToNull.php(31): Illuminate/Foundation/Http/Middleware/TransformsRequest->handle()
#46 C:/xampp/htdocs/laravel-projects/stem-lms/vendor/laravel/framework/src/Illuminate/Pipeline/Pipeline.php(219): Illuminate/Foundation/Http/Middleware/ConvertEmptyStringsToNull->handle()
#47 C:/xampp/htdocs/laravel-projects/stem-lms/vendor/laravel/framework/src/Illuminate/Foundation/Http/Middleware/TransformsRequest.php(21): Illuminate/Pipeline/Pipeline->Illuminate/Pipeline/{closure}()
#48 C:/xampp/htdocs/laravel-projects/stem-lms/vendor/laravel/framework/src/Illuminate/Foundation/Http/Middleware/TrimStrings.php(51): Illuminate/Foundation/Http/Middleware/TransformsRequest->handle()
#49 C:/xampp/htdocs/laravel-projects/stem-lms/vendor/laravel/framework/src/Illuminate/Pipeline/Pipeline.php(219): Illuminate/Foundation/Http/Middleware/TrimStrings->handle()
#50 C:/xampp/htdocs/laravel-projects/stem-lms/vendor/laravel/framework/src/Illuminate/Http/Middleware/ValidatePostSize.php(27): Illuminate/Pipeline/Pipeline->Illuminate/Pipeline/{closure}()
#51 C:/xampp/htdocs/laravel-projects/stem-lms/vendor/laravel/framework/src/Illuminate/Pipeline/Pipeline.php(219): Illuminate/Http/Middleware/ValidatePostSize->handle()
#52 C:/xampp/htdocs/laravel-projects/stem-lms/vendor/laravel/framework/src/Illuminate/Foundation/Http/Middleware/PreventRequestsDuringMaintenance.php(109): Illuminate/Pipeline/Pipeline->Illuminate/Pipeline/{closure}()
#53 C:/xampp/htdocs/laravel-projects/stem-lms/vendor/laravel/framework/src/Illuminate/Pipeline/Pipeline.php(219): Illuminate/Foundation/Http/Middleware/PreventRequestsDuringMaintenance->handle()
#54 C:/xampp/htdocs/laravel-projects/stem-lms/vendor/laravel/framework/src/Illuminate/Http/Middleware/HandleCors.php(61): Illuminate/Pipeline/Pipeline->Illuminate/Pipeline/{closure}()
#55 C:/xampp/htdocs/laravel-projects/stem-lms/vendor/laravel/framework/src/Illuminate/Pipeline/Pipeline.php(219): Illuminate/Http/Middleware/HandleCors->handle()
#56 C:/xampp/htdocs/laravel-projects/stem-lms/vendor/laravel/framework/src/Illuminate/Http/Middleware/TrustProxies.php(58): Illuminate/Pipeline/Pipeline->Illuminate/Pipeline/{closure}()
#57 C:/xampp/htdocs/laravel-projects/stem-lms/vendor/laravel/framework/src/Illuminate/Pipeline/Pipeline.php(219): Illuminate/Http/Middleware/TrustProxies->handle()
#58 C:/xampp/htdocs/laravel-projects/stem-lms/vendor/laravel/framework/src/Illuminate/Foundation/Http/Middleware/InvokeDeferredCallbacks.php(22): Illuminate/Pipeline/Pipeline->Illuminate/Pipeline/{closure}()
#59 C:/xampp/htdocs/laravel-projects/stem-lms/vendor/laravel/framework/src/Illuminate/Pipeline/Pipeline.php(219): Illuminate/Foundation/Http/Middleware/InvokeDeferredCallbacks->handle()
#60 C:/xampp/htdocs/laravel-projects/stem-lms/vendor/laravel/framework/src/Illuminate/Http/Middleware/ValidatePathEncoding.php(26): Illuminate/Pipeline/Pipeline->Illuminate/Pipeline/{closure}()
#61 C:/xampp/htdocs/laravel-projects/stem-lms/vendor/laravel/framework/src/Illuminate/Pipeline/Pipeline.php(219): Illuminate/Http/Middleware/ValidatePathEncoding->handle()
#62 C:/xampp/htdocs/laravel-projects/stem-lms/vendor/laravel/framework/src/Illuminate/Pipeline/Pipeline.php(137): Illuminate/Pipeline/Pipeline->Illuminate/Pipeline/{closure}()
#63 C:/xampp/htdocs/laravel-projects/stem-lms/vendor/laravel/framework/src/Illuminate/Foundation/Http/Kernel.php(175): Illuminate/Pipeline/Pipeline->then()
#64 C:/xampp/htdocs/laravel-projects/stem-lms/vendor/laravel/framework/src/Illuminate/Foundation/Http/Kernel.php(144): Illuminate/Foundation/Http/Kernel->sendRequestThroughRouter()
#65 C:/xampp/htdocs/laravel-projects/stem-lms/vendor/laravel/framework/src/Illuminate/Foundation/Application.php(1220): Illuminate/Foundation/Http/Kernel->handle()
#66 C:/xampp/htdocs/laravel-projects/stem-lms/public/index.php(17): Illuminate/Foundation/Application->handleRequest()
#67 C:/xampp/htdocs/laravel-projects/stem-lms/vendor/laravel/framework/src/Illuminate/Foundation/resources/server.php(23): require_once('...')
#68 {main}
"} 
